Transaction Hash,Blockno,UnixTimestamp,DateTime (UTC),From,To,ContractAddress,Value_IN(ETH),Value_OUT(ETH),CurrentValue @ $2806.48443524511/ETH,TxnFee(ETH),TxnFee(USD),Historical $Price/ETH,Status,ErrCode,Method
0x8c01a9a6ebefdd7a70ef0716b946cca8a96a62baa9a7afc326ec272ec50305c8,38805981,1764401309,2025-11-29 07:28:29,0x371dfbc7575012bb28d3709a8918a47464b1b7dc,0x852ae0b1af1aaedb0fc4428b4b24420780976ca8,,0,0,0,0.000000159489318907,0.000447604291100339,2990.56,,,Transmit
0x308499077b931f8be058e42aef929d222fbcb3b44271bf6fa75baae9ab067fed,38806266,1764401879,2025-11-29 07:37:59,0x02e9137940be6803d333eb1451c3834c96ca9c2d,0x852ae0b1af1aaedb0fc4428b4b24420780976ca8,,0,0,0,0.000000161983815582,0.000454605057192497,2990.56,,,Transmit
0xf3a52a8bee7b0d413e2c3ea3043d7589a57ba67bf7727d21ef5507f1683467e2,38806521,1764402389,2025-11-29 07:46:29,0xd6f8632e7cdca416cd64f3ac4f286887165e1d74,0x852ae0b1af1aaedb0fc4428b4b24420780976ca8,,0,0,0,0.000000167119874051,0.000469019325344255,2990.56,,,Transmit
0xc699498d0c4750bbe440f16157948128119b28f89408066edd6b3bee950c22e6,38806837,1764403021,2025-11-29 07:57:01,0xd6f8632e7cdca416cd64f3ac4f286887165e1d74,0x852ae0b1af1aaedb0fc4428b4b24420780976ca8,,0,0,0,0.00000006744590479,0.000189285882014159,2990.56,,,Transmit
0x8ae0cfd740fd1d82f250dbdc245874b2825d4437bc66fd416cfbcf213b7abaff,38807452,1764404251,2025-11-29 08:17:31,0xb9e44696b045ab005ea956253d8676f656eebc60,0x852ae0b1af1aaedb0fc4428b4b24420780976ca8,,0,0,0,0.000000160916259203,0.000451608976831087,2990.56,,,Transmit
0xfa73a5155639d4ef8da703646cfcf9e529b0b41c60058488375a86038df83101,38807677,1764404701,2025-11-29 08:25:01,0x87b49edbbc2cce9237276c0d9f03d59d278dd1eb,0x852ae0b1af1aaedb0fc4428b4b24420780976ca8,,0,0,0,0.000000160897995347,0.000451557719603496,2990.56,,,Transmit
0xfa82bd16c19c0630e7fd7efb081c751d8e2679c3b7d1ec95fe024fc5e52e2bf3,38807797,1764404941,2025-11-29 08:29:01,0x371dfbc7575012bb28d3709a8918a47464b1b7dc,0x852ae0b1af1aaedb0fc4428b4b24420780976ca8,,0,0,0,0.000000160825293362,0.000451353682614182,2990.56,,,Transmit
0xbcdb19616c4e9ce0191483e557e6836cd32e1c85f1791d2501b87e8594c1627e,38808412,1764406171,2025-11-29 08:49:31,0x58f7b80be97d031bd1067a2acdcf3ce100790019,0x852ae0b1af1aaedb0fc4428b4b24420780976ca8,,0,0,0,0.000000160722237214,0.000451064457138863,2990.56,,,Transmit
0x77171f089bf25fd6731d16bb43c0bbcc3d20babc473baacfbe23cc33218fa110,38809013,1764407373,2025-11-29 09:09:33,0xd6f8632e7cdca416cd64f3ac4f286887165e1d74,0x852ae0b1af1aaedb0fc4428b4b24420780976ca8,,0,0,0,0.00000016387721644,0.000459918857230154,2990.56,,,Transmit
0xbee5fe87a3ecb41aa18c9b7da5338d5e61a9e4acde9b86ba0de8be5d65348753,38809268,1764407883,2025-11-29 09:18:03,0x371dfbc7575012bb28d3709a8918a47464b1b7dc,0x852ae0b1af1aaedb0fc4428b4b24420780976ca8,,0,0,0,0.000000159397027442,0.000447345276540311,2990.56,,,Transmit
0x3a2c64b6b61bdc80093133c01ae387ab71a59be9c751e7f36e9f1eb8f86579c7,38809644,1764408635,2025-11-29 09:30:35,0xabfa05c981f49f8d42d9a3361d53924df2c64966,0x852ae0b1af1aaedb0fc4428b4b24420780976ca8,,0,0,0,0.000000155958988294,0.000437696473183685,2990.56,,,Transmit
0x92a7e7dce4e19f6c7b579d6606fd8dcb7d9e5ff480f367531187c6a0c2458eb0,38810259,1764409865,2025-11-29 09:51:05,0xb9e44696b045ab005ea956253d8676f656eebc60,0x852ae0b1af1aaedb0fc4428b4b24420780976ca8,,0,0,0,0.000000153620643747,0.00043113394560829,2990.56,,,Transmit
0x02a4160dca4262616d21ebe3e4bdd7a2bbee6b924a54f79e6f7602112fdf5dba,38810874,1764411095,2025-11-29 10:11:35,0x58f7b80be97d031bd1067a2acdcf3ce100790019,0x852ae0b1af1aaedb0fc4428b4b24420780976ca8,,0,0,0,0.000000153338630909,0.000430342480967903,2990.56,,,Transmit
0xd30ce0a5b8477ef35925cd21c5e4e71dce3341123084665982d5d61fda5ca7c0,38811099,1764411545,2025-11-29 10:19:05,0x02e9137940be6803d333eb1451c3834c96ca9c2d,0x852ae0b1af1aaedb0fc4428b4b24420780976ca8,,0,0,0,0.000000156508166501,0.000439237733273807,2990.56,,,Transmit
0xcf772077471f35803912535bdcd8db282722b71ee690c25fb72ede967b833b08,38811294,1764411935,2025-11-29 10:25:35,0x34816bc1f605e0d58d46c43f1584c3a84f811e85,0x852ae0b1af1aaedb0fc4428b4b24420780976ca8,,0,0,0,0.00000019494167916,0.000547100788343086,2990.56,,,Transmit
0x88ab90675e35269af4bff3036b52b0c89af32b9acbdc3a698c04d94955b73c2a,38811910,1764413167,2025-11-29 10:46:07,0x34816bc1f605e0d58d46c43f1584c3a84f811e85,0x852ae0b1af1aaedb0fc4428b4b24420780976ca8,,0,0,0,0.000000168740980999,0.000473568936761684,2990.56,,,Transmit
0x2ed4c3356d416e37fa004eaa8de7166158e240fffcaa7c3217f603966ff944a5,38812495,1764414337,2025-11-29 11:05:37,0x58f7b80be97d031bd1067a2acdcf3ce100790019,0x852ae0b1af1aaedb0fc4428b4b24420780976ca8,,0,0,0,0.000000156388765459,0.000438902636107882,2990.56,,,Transmit
0x4ffffdef82110fd145ebd37dfc48f7bc5c9fda8ddb5e89161e45495cdd987264,38812690,1764414727,2025-11-29 11:12:07,0xd6f8632e7cdca416cd64f3ac4f286887165e1d74,0x852ae0b1af1aaedb0fc4428b4b24420780976ca8,,0,0,0,0.000000161122582328,0.000452188019470031,2990.56,,,Transmit
0xf35debf13a0c3bcb2f851430c64ae537ec40c7666e145cb158adc6d0b9dc0513,38813290,1764415927,2025-11-29 11:32:07,0x371dfbc7575012bb28d3709a8918a47464b1b7dc,0x852ae0b1af1aaedb0fc4428b4b24420780976ca8,,0,0,0,0.000000158562182785,0.000445002298004593,2990.56,,,Transmit
0xad4ef3699b43107e5f47399a78d1ede2d73f95e99f9be28fb15116324bb62f3a,38813546,1764416439,2025-11-29 11:40:39,0x34816bc1f605e0d58d46c43f1584c3a84f811e85,0x852ae0b1af1aaedb0fc4428b4b24420780976ca8,,0,0,0,0.000000174673083148,0.000490217289111137,2990.56,,,Transmit
0x74d8ca6634588e1ac672d7a697d4b2bb96d39d0889126da4cf4d5bc9063806f3,38814161,1764417669,2025-11-29 12:01:09,0xb9e44696b045ab005ea956253d8676f656eebc60,0x852ae0b1af1aaedb0fc4428b4b24420780976ca8,,0,0,0,0.000000161578810877,0.000453468417791714,2990.56,,,Transmit
0xbd843207dc3c6ba19a47ed5aa70977d66dc43b512d02f0312b85ee0fa770b4a3,38814371,1764418089,2025-11-29 12:08:09,0x87b49edbbc2cce9237276c0d9f03d59d278dd1eb,0x852ae0b1af1aaedb0fc4428b4b24420780976ca8,,0,0,0,0.000000160906122072,0.000451580527130718,2990.56,,,Transmit
0x8aab656e806f366642d56b435cc24990a1a526fcbf95870480ab5bae891aa710,38814581,1764418509,2025-11-29 12:15:09,0x58f7b80be97d031bd1067a2acdcf3ce100790019,0x852ae0b1af1aaedb0fc4428b4b24420780976ca8,,0,0,0,0.000000158966186638,0.000446136128529816,2990.56,,,Transmit
0x8c4fec4d120077c87592e1279e72639dca64b752cd18374d1b90928b5a4eb5bf,38814926,1764419199,2025-11-29 12:26:39,0x34816bc1f605e0d58d46c43f1584c3a84f811e85,0x852ae0b1af1aaedb0fc4428b4b24420780976ca8,,0,0,0,0.00000018687366746,0.000524458039083661,2990.56,,,Transmit
0xb94f0c301783cfbd0d0477b1eeb94c3646066ffe4e6ec86687e4454b128fb56a,38815542,1764420431,2025-11-29 12:47:11,0x34816bc1f605e0d58d46c43f1584c3a84f811e85,0x852ae0b1af1aaedb0fc4428b4b24420780976ca8,,0,0,0,0.000000195534338634,0.000548764077932268,2990.56,,,Transmit
0x659b7ebdd8e183e33438f6d165d510e0fc62be15ce78b324b37ff9e11d2cb760,38815737,1764420821,2025-11-29 12:53:41,0xb9e44696b045ab005ea956253d8676f656eebc60,0x852ae0b1af1aaedb0fc4428b4b24420780976ca8,,0,0,0,0.000000169605734112,0.000475995852913649,2990.56,,,Transmit
0xbfb78560e39bf340fe6074143a6e96ce1383df89e6e0a4f85776ada33d1d4352,38815932,1764421211,2025-11-29 13:00:11,0xb9e44696b045ab005ea956253d8676f656eebc60,0x852ae0b1af1aaedb0fc4428b4b24420780976ca8,,0,0,0,0.000000162401926688,0.000455778479503689,2990.56,,,Transmit
0xe3b50029dc27965b42a2c12a8b5c95e1d6ddfe21462f5c1cd3e64b80c4afc7f6,38816548,1764422443,2025-11-29 13:20:43,0x34816bc1f605e0d58d46c43f1584c3a84f811e85,0x852ae0b1af1aaedb0fc4428b4b24420780976ca8,,0,0,0,0.000000165586098114,0.000464714807049911,2990.56,,,Transmit
0x14c5a580e76be1c3f61c6f4e1b29454c6913c632ad36a8f2c6df9557d63fb0ac,38816803,1764422953,2025-11-29 13:29:13,0x58f7b80be97d031bd1067a2acdcf3ce100790019,0x852ae0b1af1aaedb0fc4428b4b24420780976ca8,,0,0,0,0.000000113319645454,0.000318029821174145,2990.56,,,Transmit
0x7547d78220971a6e3ebc79f9ce59e7b5ed12bec8727fc75a8adeb59488dcb81c,38817088,1764423523,2025-11-29 13:38:43,0xc04a3c4abf8995da051140f552cb4eb086185836,0x852ae0b1af1aaedb0fc4428b4b24420780976ca8,,0,0,0,0.000000159961763275,0.00044893019886565,2990.56,,,Transmit
0xb9f8d0986d7639a27fb73967c049f6b31b8ec8e12831166f37543eb1fa681e60,38817463,1764424273,2025-11-29 13:51:13,0xd6f8632e7cdca416cd64f3ac4f286887165e1d74,0x852ae0b1af1aaedb0fc4428b4b24420780976ca8,,0,0,0,0.000000117383084551,0.000329433799753442,2990.56,,,Transmit
0xb718ba58473b1fb62cd6f4bf08b90fb05cdd7e634e2908c1edc627cc47dc1307,38818064,1764425475,2025-11-29 14:11:15,0x34816bc1f605e0d58d46c43f1584c3a84f811e85,0x852ae0b1af1aaedb0fc4428b4b24420780976ca8,,0,0,0,0.000000183910657831,0.000516142398678391,2990.56,,,Transmit
0xaad7321d47e4eceb031abb519db7a6a679bb3b8f79f8b4b99223c51fce80b6c1,38818679,1764426705,2025-11-29 14:31:45,0x58f7b80be97d031bd1067a2acdcf3ce100790019,0x852ae0b1af1aaedb0fc4428b4b24420780976ca8,,0,0,0,0.000000155913046833,0.000437567539188456,2990.56,,,Transmit
0xe4887c4a6978a8e4a286874a0146354ef00d28619c5db70a7dad0863e66bb52d,38819294,1764427935,2025-11-29 14:52:15,0x58f7b80be97d031bd1067a2acdcf3ce100790019,0x852ae0b1af1aaedb0fc4428b4b24420780976ca8,,0,0,0,0.00000017089378247,0.000479610740582219,2990.56,,,Transmit
0x1239bb8377f557e136e74847a2ad65aef15fcb30142d338b64f51297e8749430,38819895,1764429137,2025-11-29 15:12:17,0x87b49edbbc2cce9237276c0d9f03d59d278dd1eb,0x852ae0b1af1aaedb0fc4428b4b24420780976ca8,,0,0,0,0.000000159403611929,0.00044736375580059,2990.56,,,Transmit
0xead6a1ba2bb8415f097802852752336134b9c96646548933903e0fd8d392acf1,38820015,1764429377,2025-11-29 15:16:17,0x58f7b80be97d031bd1067a2acdcf3ce100790019,0x852ae0b1af1aaedb0fc4428b4b24420780976ca8,,0,0,0,0.000000159273394419,0.000446998302385579,2990.56,,,Transmit
0x1e2187c92c66340f13ef79d4e779f7c43d333322e2468b71a9041c1243d26a8f,38820045,1764429437,2025-11-29 15:17:17,0x02e9137940be6803d333eb1451c3834c96ca9c2d,0x852ae0b1af1aaedb0fc4428b4b24420780976ca8,,0,0,0,0.000000165508700779,0.000464497592633904,2990.56,,,Transmit
0x325b29c51aac1b463007618c146cf57efb6d24c912f9f30b2e69c9f2a2c77ba9,38820210,1764429767,2025-11-29 15:22:47,0xb9e44696b045ab005ea956253d8676f656eebc60,0x852ae0b1af1aaedb0fc4428b4b24420780976ca8,,0,0,0,0.000000260706092472,0.00073166759069624,2990.56,,,Transmit
0x61d69b5c865ecfd51caeacb8b72c16174a6d98881a51a739074c1a68d3925758,38820270,1764429887,2025-11-29 15:24:47,0xe493145adcf22c4efe07d720401c7ce9961d70ea,0x852ae0b1af1aaedb0fc4428b4b24420780976ca8,,0,0,0,0.000000222189446459,0.00062357122316291,2990.56,,,Transmit
0x6f70c4731477b817005e005c37d9bfab9eba65144aad38dbb0616918678f2aad,38820645,1764430637,2025-11-29 15:37:17,0x371dfbc7575012bb28d3709a8918a47464b1b7dc,0x852ae0b1af1aaedb0fc4428b4b24420780976ca8,,0,0,0,0.00000017617044956,0.000494419624640274,2990.56,,,Transmit
0x2ed3886c9f0a493e11637fb0530aa28b759ba996b40878ebcba3821a3372263d,38820916,1764431179,2025-11-29 15:46:19,0x371dfbc7575012bb28d3709a8918a47464b1b7dc,0x852ae0b1af1aaedb0fc4428b4b24420780976ca8,,0,0,0,0.000000183760318815,0.000515720474569977,2990.56,,,Transmit
0xe29ec4c402125346bbadedb48a1966b0c84be9546ae2646b74b20264d1275ce2,38821216,1764431779,2025-11-29 15:56:19,0xd6f8632e7cdca416cd64f3ac4f286887165e1d74,0x852ae0b1af1aaedb0fc4428b4b24420780976ca8,,0,0,0,0.000000182756033938,0.000512901964694124,2990.56,,,Transmit
0x8863182a2d11f571e3f3085f4b02aa6ed2928674a3c3cac2177bf3e59c8c9782,38821831,1764433009,2025-11-29 16:16:49,0xb9e44696b045ab005ea956253d8676f656eebc60,0x852ae0b1af1aaedb0fc4428b4b24420780976ca8,,0,0,0,0.000000179567664383,0.000503953855164207,2990.56,,,Transmit
0x2184c9a49b2ee5f7e25991be78e2e3844fcc57d6615d9a222a3fc7a9f564af4c,38821951,1764433249,2025-11-29 16:20:49,0x58f7b80be97d031bd1067a2acdcf3ce100790019,0x852ae0b1af1aaedb0fc4428b4b24420780976ca8,,0,0,0,0.00000018087769911,0.000507630447235163,2990.56,,,Transmit
0x861da29c7b4785023e2534ae92c930b485d2aaad428783f092cf767517e7b203,38822102,1764433551,2025-11-29 16:25:51,0xc04a3c4abf8995da051140f552cb4eb086185836,0x852ae0b1af1aaedb0fc4428b4b24420780976ca8,,0,0,0,0.000000179648210273,0.000504179905950815,2990.56,,,Transmit
0x11c1619d369b374b84cdf42905b41241933b601dd1ea34303b1784af5abbaaba,38822162,1764433671,2025-11-29 16:27:51,0xd6f8632e7cdca416cd64f3ac4f286887165e1d74,0x852ae0b1af1aaedb0fc4428b4b24420780976ca8,,0,0,0,0.00000017821913491,0.000500169228187763,2990.56,,,Transmit
0xb8f076b9d81e65560e34d5825fae17b9704bd020d768c36b9ee19474dd3a3caf,38822777,1764434901,2025-11-29 16:48:21,0xe493145adcf22c4efe07d720401c7ce9961d70ea,0x852ae0b1af1aaedb0fc4428b4b24420780976ca8,,0,0,0,0.000000158836992224,0.000445773546417805,2990.56,,,Transmit
0x3ef80cc652d2a6f78a82da5bb8211f3d50eb01f3e860355c6500c5442e70f51c,38822927,1764435201,2025-11-29 16:53:21,0x02e9137940be6803d333eb1451c3834c96ca9c2d,0x852ae0b1af1aaedb0fc4428b4b24420780976ca8,,0,0,0,0.000000157373976351,0.000441667615141714,2990.56,,,Transmit
0x396ed40f485ee200bb4a0bd20f18a1d0c15923f04ef4edeec16115a7d78f8c81,38823362,1764436071,2025-11-29 17:07:51,0x02e9137940be6803d333eb1451c3834c96ca9c2d,0x852ae0b1af1aaedb0fc4428b4b24420780976ca8,,0,0,0,0.000000160535308284,0.000450539844006321,2990.56,,,Transmit
0xa9f258760cd581192c0a5473e9fa429829316c869fd2458efd3faec14e762689,38823482,1764436311,2025-11-29 17:11:51,0x02e9137940be6803d333eb1451c3834c96ca9c2d,0x852ae0b1af1aaedb0fc4428b4b24420780976ca8,,0,0,0,0.00000016417198962,0.000460746133571752,2990.56,,,Transmit
0xf322afea736b777bd58408ce4f5e703710b9891bfcb82941d6adec5287e6a1d2,38823617,1764436581,2025-11-29 17:16:21,0xe493145adcf22c4efe07d720401c7ce9961d70ea,0x852ae0b1af1aaedb0fc4428b4b24420780976ca8,,0,0,0,0.000000169283172268,0.000475090588119059,2990.56,,,Transmit
0xad1d30de02abb6523ec3a6a93595deecebfef0a2a9d07a34503ea050e6420f51,38824143,1764437633,2025-11-29 17:33:53,0xb9e44696b045ab005ea956253d8676f656eebc60,0x852ae0b1af1aaedb0fc4428b4b24420780976ca8,,0,0,0,0.000000171299456362,0.000480749258045902,2990.56,,,Transmit
0x430a33826146248ac6835a746ecb5d06dec00d8d4df71596a9695b993bc8fddc,38824248,1764437843,2025-11-29 17:37:23,0x58f7b80be97d031bd1067a2acdcf3ce100790019,0x852ae0b1af1aaedb0fc4428b4b24420780976ca8,,0,0,0,0.000000189055287001,0.000530580720369104,2990.56,,,Transmit
0xdd7307f19024ed2fd89b20cc4bdda8e0cd68a8bd7a294470f6093e1f96352cd5,38824593,1764438533,2025-11-29 17:48:53,0x02e9137940be6803d333eb1451c3834c96ca9c2d,0x852ae0b1af1aaedb0fc4428b4b24420780976ca8,,0,0,0,0.000000206440304268,0.000579371500735407,2990.56,,,Transmit
0xcae404318abb24483e33b1c0a92f522db2b04459968a0cc71e6c77b812768889,38825013,1764439373,2025-11-29 18:02:53,0xd6f8632e7cdca416cd64f3ac4f286887165e1d74,0x852ae0b1af1aaedb0fc4428b4b24420780976ca8,,0,0,0,0.000000249280124432,0.000699600789234372,2990.56,,,Transmit
0x9fe79e96b4d50a13cc4c0ae103100b84b1aed04df2daa70410e1fe4ac4bb8314,38825058,1764439463,2025-11-29 18:04:23,0x371dfbc7575012bb28d3709a8918a47464b1b7dc,0x852ae0b1af1aaedb0fc4428b4b24420780976ca8,,0,0,0,0.000000233186138574,0.00065443326842284,2990.56,,,Transmit
0xdde5b7f090fcf03459fcafd35f7c7e5755ca41e390f64a0df699cc2e2c66ff8c,38825088,1764439523,2025-11-29 18:05:23,0x58f7b80be97d031bd1067a2acdcf3ce100790019,0x852ae0b1af1aaedb0fc4428b4b24420780976ca8,,0,0,0,0.000000254426707102,0.000714044593392429,2990.56,,,Transmit
0x394bc50ae9da696efc590369dee6904009ab495b8ee956d6cd07222ace440374,38825133,1764439613,2025-11-29 18:06:53,0xb9e44696b045ab005ea956253d8676f656eebc60,0x852ae0b1af1aaedb0fc4428b4b24420780976ca8,,0,0,0,0.000000235717111079,0.000661536403364156,2990.56,,,Transmit
0x0eb981c222cc0b91523e8e7b9db3c1c5612a696577810a9fbde340849c89a7b5,38825328,1764440003,2025-11-29 18:13:23,0x34816bc1f605e0d58d46c43f1584c3a84f811e85,0x852ae0b1af1aaedb0fc4428b4b24420780976ca8,,0,0,0,0.000000363711327047,0.00102075017827975,2990.56,,,Transmit
0xd791734fe1be0f904578c93900a16ccd6b2aa4fcaf597134aa140c0f98508075,38825374,1764440095,2025-11-29 18:14:55,0x02e9137940be6803d333eb1451c3834c96ca9c2d,0x852ae0b1af1aaedb0fc4428b4b24420780976ca8,,0,0,0,0.000000233518347105,0.000655365606494348,2990.56,,,Transmit
0x3d85915a78d5fcfbba80edf24eb69c81711b112d860c322224948c6200f68e1e,38825403,1764440153,2025-11-29 18:15:53,0x34816bc1f605e0d58d46c43f1584c3a84f811e85,0x852ae0b1af1aaedb0fc4428b4b24420780976ca8,,0,0,0,0.000000346256325907,0.000971762989263154,2990.56,,,Transmit
0xc515242a73ef6a2363c56f5aa8377888e5fc4785019c5805415fa90891d8f641,38825448,1764440243,2025-11-29 18:17:23,0x371dfbc7575012bb28d3709a8918a47464b1b7dc,0x852ae0b1af1aaedb0fc4428b4b24420780976ca8,,0,0,0,0.00000024977805343,0.000700998219217117,2990.56,,,Transmit
0xd08248533b0df09db6c99eae4b77291cd3958aabeac85ec31f85a04e88b55e98,38825509,1764440365,2025-11-29 18:19:25,0xe493145adcf22c4efe07d720401c7ce9961d70ea,0x852ae0b1af1aaedb0fc4428b4b24420780976ca8,,0,0,0,0.000000238503495927,0.000669356349070671,2990.56,,,Transmit
0x94861a9d46665706caac600816bcb14329cfff5583d3f8142ebfa2c3a48a8d38,38825539,1764440425,2025-11-29 18:20:25,0xb9e44696b045ab005ea956253d8676f656eebc60,0x852ae0b1af1aaedb0fc4428b4b24420780976ca8,,0,0,0,0.000000287114311442,0.00080578184619809,2990.56,,,Transmit
0xf23b1089a013f85fb8201d8113396beec9447f300ba113ccbb9d15ba0342b56b,38825779,1764440905,2025-11-29 18:28:25,0x34816bc1f605e0d58d46c43f1584c3a84f811e85,0x852ae0b1af1aaedb0fc4428b4b24420780976ca8,,0,0,0,0.000001127106257425,0.00316320616833063,2990.56,,,Transmit
0x66c81f027c4a3f9875046ec2cea316119a9f7d5d21c37cca277dd707fbbaf5a5,38825944,1764441235,2025-11-29 18:33:55,0xd6f8632e7cdca416cd64f3ac4f286887165e1d74,0x852ae0b1af1aaedb0fc4428b4b24420780976ca8,,0,0,0,0.000000789068266761,0.00221450780901058,2990.56,,,Transmit
0x901a74669e85fd197312eae1a530ade21bc9339f497be247da508457787b0fa6,38826034,1764441415,2025-11-29 18:36:55,0xe493145adcf22c4efe07d720401c7ce9961d70ea,0x852ae0b1af1aaedb0fc4428b4b24420780976ca8,,0,0,0,0.000000572978548938,0.00160805537932383,2990.56,,,Transmit
0x6fc4f9b8a78bd55172e47c5d5c4cfd90eb62bc3b707027c3144184cc7d931ec3,38826274,1764441895,2025-11-29 18:44:55,0xabfa05c981f49f8d42d9a3361d53924df2c64966,0x852ae0b1af1aaedb0fc4428b4b24420780976ca8,,0,0,0,0.000000245206114099,0.00068816714264578,2990.56,,,Transmit
0xac7cf0c4d13a77bddcfe959f313682c8a761b28a492abfc7be45c623a09acad4,38826875,1764443097,2025-11-29 19:04:57,0xb9e44696b045ab005ea956253d8676f656eebc60,0x852ae0b1af1aaedb0fc4428b4b24420780976ca8,,0,0,0,0.00000016151938618,0.000453301643304514,2990.56,,,Transmit
0x145026ffffcd460d3c722e0e9d5c0006ff8d2b9233e882b2b4ecf3ac74732324,38826920,1764443187,2025-11-29 19:06:27,0xc04a3c4abf8995da051140f552cb4eb086185836,0x852ae0b1af1aaedb0fc4428b4b24420780976ca8,,0,0,0,0.000000162675726466,0.00045654689431902,2990.56,,,Transmit
0xe9bfa683b8c209ea2e2208fd6d47c4d981c990c6257966dd4fcad8acc6292e25,38827536,1764444419,2025-11-29 19:26:59,0xc04a3c4abf8995da051140f552cb4eb086185836,0x852ae0b1af1aaedb0fc4428b4b24420780976ca8,,0,0,0,0.000000168970623762,0.000474213425601711,2990.56,,,Transmit
0xfb14cadb6aed63d2666c91289f0b9ab601dc69ce7435ec2fdbed039d0b262375,38827745,1764444837,2025-11-29 19:33:57,0xb9e44696b045ab005ea956253d8676f656eebc60,0x852ae0b1af1aaedb0fc4428b4b24420780976ca8,,0,0,0,0.000000157184425989,0.000441135645001065,2990.56,,,Transmit
0x8f0b3d124a025b66da0c8e9202723786a3d9cb5d75227a3de4497342752898b3,38828210,1764445767,2025-11-29 19:49:27,0xb9e44696b045ab005ea956253d8676f656eebc60,0x852ae0b1af1aaedb0fc4428b4b24420780976ca8,,0,0,0,0.000000171118065287,0.000480240186817222,2990.56,,,Transmit
0xf47f9eacfc55813a44535672c34d8833da9f149225f1e3bab928b6829699ffad,38828631,1764446609,2025-11-29 20:03:29,0x371dfbc7575012bb28d3709a8918a47464b1b7dc,0x852ae0b1af1aaedb0fc4428b4b24420780976ca8,,0,0,0,0.000000156108684839,0.000438116594207238,2990.56,,,Transmit
0xa5941d76fafc909b81b4ab6378413310c7c452c0278ab9c80ea23ffdadcf292b,38829246,1764447839,2025-11-29 20:23:59,0xc04a3c4abf8995da051140f552cb4eb086185836,0x852ae0b1af1aaedb0fc4428b4b24420780976ca8,,0,0,0,0.000000115230823705,0.000323393513188556,2990.56,,,Transmit
0x774d211fc69cc273ed5e5b78fce6dc6a94d752e23f85bd11c7b01f78833892aa,38829456,1764448259,2025-11-29 20:30:59,0x58f7b80be97d031bd1067a2acdcf3ce100790019,0x852ae0b1af1aaedb0fc4428b4b24420780976ca8,,0,0,0,0.000000155856194823,0.000437407984907279,2990.56,,,Transmit
0x425da7205afc6abce04b6821516b80a6bba5ed8a458ee478effa9f7386cb4b82,38829877,1764449101,2025-11-29 20:45:01,0xabfa05c981f49f8d42d9a3361d53924df2c64966,0x852ae0b1af1aaedb0fc4428b4b24420780976ca8,,0,0,0,0.00000015638895985,0.000438903181663197,2990.56,,,Transmit
0xd207efc2194b8aa312151e73db5488066753f7c818578d0079cbedabdcd54715,38830042,1764449431,2025-11-29 20:50:31,0xd6f8632e7cdca416cd64f3ac4f286887165e1d74,0x852ae0b1af1aaedb0fc4428b4b24420780976ca8,,0,0,0,0.000000163402783201,0.000458587367729338,2990.56,,,Transmit
0x9e9447b1b6fb5a46601a5fc3076cc6a1f3adb6eadf44b2229635700bd3eb79ec,38830252,1764449851,2025-11-29 20:57:31,0xabfa05c981f49f8d42d9a3361d53924df2c64966,0x852ae0b1af1aaedb0fc4428b4b24420780976ca8,,0,0,0,0.000000161326982038,0.000452761664074714,2990.56,,,Transmit
0xfb1c492c2bab1e532dbe9a94e40aafc8c72bc816faf91c7ee0e95628657756cd,38830417,1764450181,2025-11-29 21:03:01,0xb9e44696b045ab005ea956253d8676f656eebc60,0x852ae0b1af1aaedb0fc4428b4b24420780976ca8,,0,0,0,0.000000163314792301,0.000458340422638044,2990.56,,,Transmit
0x0c70021020deebbe91b7d9a2201a139e62cbd876b096cd79118acaa29a740431,38831032,1764451411,2025-11-29 21:23:31,0xb9e44696b045ab005ea956253d8676f656eebc60,0x852ae0b1af1aaedb0fc4428b4b24420780976ca8,,0,0,0,0.000000175135957206,0.000491516337950393,2990.56,,,Transmit
0xddffe079312a3ce92243a7f614e2439bc71f43b775a6fe0080beb67b4fb21064,38831633,1764452613,2025-11-29 21:43:33,0xe493145adcf22c4efe07d720401c7ce9961d70ea,0x852ae0b1af1aaedb0fc4428b4b24420780976ca8,,0,0,0,0.000000162665647089,0.000456518606704353,2990.56,,,Transmit
0x768d568f6e8b438a88f6b39f8f6f70ba675bc05f2fc698bca85aa331e8f47f13,38832188,1764453723,2025-11-29 22:02:03,0x371dfbc7575012bb28d3709a8918a47464b1b7dc,0x852ae0b1af1aaedb0fc4428b4b24420780976ca8,,0,0,0,0.000000163456022779,0.000458736783776334,2990.56,,,Transmit
0x75a25b29dc065b80dea6b4c94bb9ecaf17e2355f862456ac466525cc19644bf1,38832534,1764454415,2025-11-29 22:13:35,0x02e9137940be6803d333eb1451c3834c96ca9c2d,0x852ae0b1af1aaedb0fc4428b4b24420780976ca8,,0,0,0,0.000000165160596744,0.00046352064407783,2990.56,,,Transmit
0xb4847609021313e290e37424c074d14c66c8e2f9f231da01d87e317971fdbbef,38832924,1764455195,2025-11-29 22:26:35,0xe493145adcf22c4efe07d720401c7ce9961d70ea,0x852ae0b1af1aaedb0fc4428b4b24420780976ca8,,0,0,0,0.000000164188866924,0.000460793499462737,2990.56,,,Transmit
0x19bbf3bd284f2f5acb81608e50664e473ea7a85a6635825ebf78056292788423,38833224,1764455795,2025-11-29 22:36:35,0xd6f8632e7cdca416cd64f3ac4f286887165e1d74,0x852ae0b1af1aaedb0fc4428b4b24420780976ca8,,0,0,0,0.00000016334328954,0.000458420399695745,2990.56,,,Transmit
0x9253674c0bad7d28051b069bccf50cfa6120e444303419ca895dccfa2ad1159d,38833509,1764456365,2025-11-29 22:46:05,0xe493145adcf22c4efe07d720401c7ce9961d70ea,0x852ae0b1af1aaedb0fc4428b4b24420780976ca8,,0,0,0,0.000000155556999055,0.000436568296641296,2990.56,,,Transmit
0x7044a43c1d119ba35f6d112a1329ecd8fdc18c49985591078c5eb329dc2cfc19,38833555,1764456457,2025-11-29 22:47:37,0x02e9137940be6803d333eb1451c3834c96ca9c2d,0x852ae0b1af1aaedb0fc4428b4b24420780976ca8,,0,0,0,0.000000126285989492,0.000354419663898826,2990.56,,,Transmit
0x20656a4003f515f7eb98b9e66c70d476dc5062755626b3b4b92193a78519b95f,38834170,1764457687,2025-11-29 23:08:07,0x34816bc1f605e0d58d46c43f1584c3a84f811e85,0x852ae0b1af1aaedb0fc4428b4b24420780976ca8,,0,0,0,0.000000178313515062,0.000500434104615348,2990.56,,,Transmit
0x0c36814a2906ecd662b65398402125dbc3ffd94d69bf087b1389a004d7ff1328,38834650,1764458647,2025-11-29 23:24:07,0xc04a3c4abf8995da051140f552cb4eb086185836,0x852ae0b1af1aaedb0fc4428b4b24420780976ca8,,0,0,0,0.00000010961249225,0.00030762575340805,2990.56,,,Transmit
0x06064dc4d3ca21af937c996423b8dc3ab0c4c97ceb0efd2aceb085b66289eee4,38835266,1764459879,2025-11-29 23:44:39,0xabfa05c981f49f8d42d9a3361d53924df2c64966,0x852ae0b1af1aaedb0fc4428b4b24420780976ca8,,0,0,0,0.000000110286014486,0.000309515983080176,2990.56,,,Transmit
0x84f11773f8308e5ee8d0f1a4c087d61e1937d2659cb44ce41ba5a507d1a9fea6,38835431,1764460209,2025-11-29 23:50:09,0xe493145adcf22c4efe07d720401c7ce9961d70ea,0x852ae0b1af1aaedb0fc4428b4b24420780976ca8,,0,0,0,0.000000153814896742,0.000431679113615257,2990.56,,,Transmit
0x6b1a12a98db07d83e7db376be0f9caaadfb2a8e154e7503045721ec4d29ee29a,38835881,1764461109,2025-11-30 00:05:09,0x34816bc1f605e0d58d46c43f1584c3a84f811e85,0x852ae0b1af1aaedb0fc4428b4b24420780976ca8,,0,0,0,0.000000168206407774,0.000472068665326223,2992.33,,,Transmit
0x8ab52cfe718f49324d8bd95db3814911a3ad5fce3f1177598b9420f555146f4f,38836272,1764461891,2025-11-30 00:18:11,0xabfa05c981f49f8d42d9a3361d53924df2c64966,0x852ae0b1af1aaedb0fc4428b4b24420780976ca8,,0,0,0,0.000000154775984479,0.000434376391390052,2992.33,,,Transmit
0xba0dffca2951eb889679aa40e12e6aec3c82e2ffa826ab2948840e0935f85759,38836467,1764462281,2025-11-30 00:24:41,0xabfa05c981f49f8d42d9a3361d53924df2c64966,0x852ae0b1af1aaedb0fc4428b4b24420780976ca8,,0,0,0,0.000000158790700319,0.000445643628906944,2992.33,,,Transmit
0x4338a626a57846efbed5a351ad52c624b1f50dab4790fb3e5c97bc49f7f3d44f,38837082,1764463511,2025-11-30 00:45:11,0xe493145adcf22c4efe07d720401c7ce9961d70ea,0x852ae0b1af1aaedb0fc4428b4b24420780976ca8,,0,0,0,0.000000158968555752,0.000446142777411383,2992.33,,,Transmit
0xf0d75852298e2b66e470858a808e17ce5b2844cecc34148be29f286e308d3aa6,38837698,1764464743,2025-11-30 01:05:43,0x34816bc1f605e0d58d46c43f1584c3a84f811e85,0x852ae0b1af1aaedb0fc4428b4b24420780976ca8,,0,0,0,0.000000235165208172,0.000659987496445894,2992.33,,,Transmit
0xddf325fbdcb5c2fc895529456ea8e66500ab76898f2b7fe515313d2f6dac9f1e,38838313,1764465973,2025-11-30 01:26:13,0xd6f8632e7cdca416cd64f3ac4f286887165e1d74,0x852ae0b1af1aaedb0fc4428b4b24420780976ca8,,0,0,0,0.00000015960726087,0.000447935293383761,2992.33,,,Transmit
0xcc6e1a0b42aff11444c6fa2ed2a0d3da4b5183b92564a245a55e05db1d8d57e9,38889895,1764569137,2025-12-01 06:05:37,0xd6f8632e7cdca416cd64f3ac4f286887165e1d74,0x852ae0b1af1aaedb0fc4428b4b24420780976ca8,,0,0,0,0.000000225543315485,0.00063298380438223,2799.09,,,Transmit
0x95a8654a56c881926468ecb65c87a605fe9bf6ecba3bce6eaa63761a34f92755,38889970,1764569287,2025-12-01 06:08:07,0xabfa05c981f49f8d42d9a3361d53924df2c64966,0x852ae0b1af1aaedb0fc4428b4b24420780976ca8,,0,0,0,0.0000002472539261,0.000693914295152895,2799.09,,,Transmit
0x849bb16f8e46d3e7971c8fc92c1020fa78772775b472f41ad162572adcc3b0cf,38890105,1764569557,2025-12-01 06:12:37,0xd6f8632e7cdca416cd64f3ac4f286887165e1d74,0x852ae0b1af1aaedb0fc4428b4b24420780976ca8,,0,0,0,0.000000207141143282,0.00058133839451981,2799.09,,,Transmit
0x57dd8f625fcc55aeed365f04f180ad69fd1d8d761f3e48ffe68dfda664f7221e,38890330,1764570007,2025-12-01 06:20:07,0xd6f8632e7cdca416cd64f3ac4f286887165e1d74,0x852ae0b1af1aaedb0fc4428b4b24420780976ca8,,0,0,0,0.000000211474859571,0.000593500901831657,2799.09,,,Transmit
0xc8a441f5369233d0f83df5e62156c24b2c8d82463bb708c7e26d1824851c096c,38890871,1764571089,2025-12-01 06:38:09,0xe493145adcf22c4efe07d720401c7ce9961d70ea,0x852ae0b1af1aaedb0fc4428b4b24420780976ca8,,0,0,0,0.000000185591952916,0.000520860927165497,2799.09,,,Transmit
0xf8821d289dcfabb31e29cc58e3348518e29ee2f5757a7fa1a193a05456588ac5,38891081,1764571509,2025-12-01 06:45:09,0x02e9137940be6803d333eb1451c3834c96ca9c2d,0x852ae0b1af1aaedb0fc4428b4b24420780976ca8,,0,0,0,0.00000019662860656,0.000551835123834575,2799.09,,,Transmit
0x565e8a20b5c6f3dfa3a4c6ede5632e42915421e09d035e87ca0658bfcdc7ae05,38891291,1764571929,2025-12-01 06:52:09,0x87b49edbbc2cce9237276c0d9f03d59d278dd1eb,0x852ae0b1af1aaedb0fc4428b4b24420780976ca8,,0,0,0,0.000000202329355261,0.000567834186333175,2799.09,,,Transmit
0x3a53df14f36e041c9bd4a06685c3ca5856e4b0ac7db0a43e67844edfee398cfb,38891420,1764572187,2025-12-01 06:56:27,0x371dfbc7575012bb28d3709a8918a47464b1b7dc,0x852ae0b1af1aaedb0fc4428b4b24420780976ca8,,0,0,0,0.000000185210928219,0.000519791587283923,2799.09,,,Transmit
0xd3a007a32602957521c9168b41af9b749948ac84aa943b09e9a0c59c4917326d,38891585,1764572517,2025-12-01 07:01:57,0xd6f8632e7cdca416cd64f3ac4f286887165e1d74,0x852ae0b1af1aaedb0fc4428b4b24420780976ca8,,0,0,0,0.00000017434018456,0.0004892830144054,2799.09,,,Transmit
0x132a512cc337b8c7a48c22ff6200a5d26fc631174adba9d0aaee46291a1fd08a,38891750,1764572847,2025-12-01 07:07:27,0xc04a3c4abf8995da051140f552cb4eb086185836,0x852ae0b1af1aaedb0fc4428b4b24420780976ca8,,0,0,0,0.000000197229880412,0.000553522589541532,2799.09,,,Transmit
0xb63f0bc85f1cd34088d775fce019338079693024eabae014e5c729defa53f6ab,38891975,1764573297,2025-12-01 07:14:57,0xe493145adcf22c4efe07d720401c7ce9961d70ea,0x852ae0b1af1aaedb0fc4428b4b24420780976ca8,,0,0,0,0.000000218285835832,0.000612615800696977,2799.09,,,Transmit
0xd58bc0a865a41f1ce2e9394e5744f438024eb8f4a5493f00c07f0018db39495c,38892020,1764573387,2025-12-01 07:16:27,0x87b49edbbc2cce9237276c0d9f03d59d278dd1eb,0x852ae0b1af1aaedb0fc4428b4b24420780976ca8,,0,0,0,0.000000326873487155,0.0009173653539948,2799.09,,,Transmit
0xb19e48357ed0b251874992c000f0dc0f19f50997d7bd2ed9a2c0a287f61772ec,38892290,1764573927,2025-12-01 07:25:27,0x371dfbc7575012bb28d3709a8918a47464b1b7dc,0x852ae0b1af1aaedb0fc4428b4b24420780976ca8,,0,0,0,0.000000902392970415,0.0025325518259443,2799.09,,,Transmit
0x68d898406ee757e7de8360b0dfb45b222f21cd727649fa33222e65fed5a89832,38892576,1764574499,2025-12-01 07:34:59,0x34816bc1f605e0d58d46c43f1584c3a84f811e85,0x852ae0b1af1aaedb0fc4428b4b24420780976ca8,,0,0,0,0.000001253499857282,0.0035179278390439,2799.09,,,Transmit
0xad069a12efa1b26a4a55abc1bfbf47024ddd9c80f64b06c956c6940594d5758e,38892696,1764574739,2025-12-01 07:38:59,0x87b49edbbc2cce9237276c0d9f03d59d278dd1eb,0x852ae0b1af1aaedb0fc4428b4b24420780976ca8,,0,0,0,0.000000609916826543,0.00171172208048702,2799.09,,,Transmit
0xd6d450c2b729bdbbe56addd577f1218aac04b9efbc99f4d8f47390a08864e7a3,38892741,1764574829,2025-12-01 07:40:29,0xb9e44696b045ab005ea956253d8676f656eebc60,0x852ae0b1af1aaedb0fc4428b4b24420780976ca8,,0,0,0,0.000000588801210336,0.00165246143226147,2799.09,,,Transmit
0x5b3a227d935ea5b92d5380a3958b53685fc29e04c3bd60b544515ac923d66aa7,38892786,1764574919,2025-12-01 07:41:59,0x58f7b80be97d031bd1067a2acdcf3ce100790019,0x852ae0b1af1aaedb0fc4428b4b24420780976ca8,,0,0,0,0.000000535755414185,0.0015035892310085,2799.09,,,Transmit
0x379fd50bea9809341b2c93c70753efbca05f1de58a250596fab78856359489b7,38892921,1764575189,2025-12-01 07:46:29,0xb9e44696b045ab005ea956253d8676f656eebc60,0x852ae0b1af1aaedb0fc4428b4b24420780976ca8,,0,0,0,0.000000402597518441,0.00112988366917297,2799.09,,,Transmit
0x01e38805caf09b6035b41158102935b41518a8f8c2d3567701a7858aeb38944c,38893461,1764576269,2025-12-01 08:04:29,0x58f7b80be97d031bd1067a2acdcf3ce100790019,0x852ae0b1af1aaedb0fc4428b4b24420780976ca8,,0,0,0,0.000000211039148525,0.000592278085562794,2799.09,,,Transmit
0x2a5d4ab35b358412877fedddc0a9e6a1f0be3c66a6c73a6f552f06181da2cd1c,38893551,1764576449,2025-12-01 08:07:29,0xd6f8632e7cdca416cd64f3ac4f286887165e1d74,0x852ae0b1af1aaedb0fc4428b4b24420780976ca8,,0,0,0,0.000000212652721043,0.0005968065517197,2799.09,,,Transmit
0x346af386eb58c2c4970b8a16321430512a459a323bb53c5f455e2e9edcb12d2f,38893686,1764576719,2025-12-01 08:11:59,0x87b49edbbc2cce9237276c0d9f03d59d278dd1eb,0x852ae0b1af1aaedb0fc4428b4b24420780976ca8,,0,0,0,0.000000212167358632,0.000595444389667775,2799.09,,,Transmit
0x928977eb3b951c44e4567f530cce8f8678aac18ce5a68bba1fda1dd3328036a6,38893867,1764577081,2025-12-01 08:18:01,0xd6f8632e7cdca416cd64f3ac4f286887165e1d74,0x852ae0b1af1aaedb0fc4428b4b24420780976ca8,,0,0,0,0.000000194329180703,0.000545381820956904,2799.09,,,Transmit
0x707194040db8e0976413fd8437c05e748001c5d14d7c393f7db2dc5f6da9176b,38894422,1764578191,2025-12-01 08:36:31,0xabfa05c981f49f8d42d9a3361d53924df2c64966,0x852ae0b1af1aaedb0fc4428b4b24420780976ca8,,0,0,0,0.00000017931321515,0.000503239747352233,2799.09,,,Transmit
0x0742ed66a60a3a03e4f372aa765228d15d8d5162d7c4f9ec6dc380c1fa15fbe1,38894662,1764578671,2025-12-01 08:44:31,0x34816bc1f605e0d58d46c43f1584c3a84f811e85,0x852ae0b1af1aaedb0fc4428b4b24420780976ca8,,0,0,0,0.000000203750486418,0.000571822568805737,2799.09,,,Transmit
0x4fbeb9a52959f33388524a8903df45e7cbb00efcd16eeea8238ac81f6d7ed87b,38895114,1764579575,2025-12-01 08:59:35,0xd6f8632e7cdca416cd64f3ac4f286887165e1d74,0x852ae0b1af1aaedb0fc4428b4b24420780976ca8,,0,0,0,0.000000168948482184,0.000474151285607682,2799.09,,,Transmit
0x09168a70a89612a4a42238a72c0a9356d780eff4a077b8e3e8f3d4e7ff0cfaa7,38895338,1764580023,2025-12-01 09:07:03,0xb9e44696b045ab005ea956253d8676f656eebc60,0x852ae0b1af1aaedb0fc4428b4b24420780976ca8,,0,0,0,0.000000404488014937,0.00113518931816388,2799.09,,,Transmit
0x573751d1ac19e316689bc7eba67772c521b0a5ce38ed7f1970b7c4f7d6549a36,38895443,1764580233,2025-12-01 09:10:33,0x58f7b80be97d031bd1067a2acdcf3ce100790019,0x852ae0b1af1aaedb0fc4428b4b24420780976ca8,,0,0,0,0.0000003634800246,0.00102010103156241,2799.09,,,Transmit
0xd8454f4da4f5eac0a9235014a4aa1a0cfac0d8aed6ae6de3bc62010c9b435062,38895803,1764580953,2025-12-01 09:22:33,0x34816bc1f605e0d58d46c43f1584c3a84f811e85,0x852ae0b1af1aaedb0fc4428b4b24420780976ca8,,0,0,0,0.000000298992018108,0.000839116445082626,2799.09,,,Transmit
0x4801ccfc3e5b1c17803fc7b63cc81a6d763cec03655d93387665bb6ab9dbbccf,38895893,1764581133,2025-12-01 09:25:33,0x58f7b80be97d031bd1067a2acdcf3ce100790019,0x852ae0b1af1aaedb0fc4428b4b24420780976ca8,,0,0,0,0.00000021282500216,0.000597290055993047,2799.09,,,Transmit
0x2cdd03a3acad806ec2f93602e8b90c4cd98659c26701b969bd78fe82a55f34c0,38895938,1764581223,2025-12-01 09:27:03,0x58f7b80be97d031bd1067a2acdcf3ce100790019,0x852ae0b1af1aaedb0fc4428b4b24420780976ca8,,0,0,0,0.000000215747512338,0.000605492035319449,2799.09,,,Transmit
0x7a752d5b3abbfadbf652abf93eadd87c0e11cef71069cffb67c51a4a6015465c,38896148,1764581643,2025-12-01 09:34:03,0xd6f8632e7cdca416cd64f3ac4f286887165e1d74,0x852ae0b1af1aaedb0fc4428b4b24420780976ca8,,0,0,0,0.000000202439724041,0.000568143934596382,2799.09,,,Transmit
0xb00e5af72f2f66eb3b31ef37aaeec6bef027c9bb070b828613d838c321c31dd0,38896403,1764582153,2025-12-01 09:42:33,0x58f7b80be97d031bd1067a2acdcf3ce100790019,0x852ae0b1af1aaedb0fc4428b4b24420780976ca8,,0,0,0,0.000000188658552169,0.000529467290238176,2799.09,,,Transmit
0x59dcc76e3f785ef6bfcd6921d8464d25f7e9c3185822087773484654edc36993,38896493,1764582333,2025-12-01 09:45:33,0xe493145adcf22c4efe07d720401c7ce9961d70ea,0x852ae0b1af1aaedb0fc4428b4b24420780976ca8,,0,0,0,0.000000181572484874,0.000509580352667659,2799.09,,,Transmit
0x9721587962d123cfcca5f9e2bc6c8c9bd53098766115d40744cafe89351f7de2,38896554,1764582455,2025-12-01 09:47:35,0xe493145adcf22c4efe07d720401c7ce9961d70ea,0x852ae0b1af1aaedb0fc4428b4b24420780976ca8,,0,0,0,0.000000189181706391,0.000530935514419452,2799.09,,,Transmit
0xf3ceee1eac731aafb65e52bbcd39a134feea0c40dcd98b26b84ed8486eaf83b8,38897169,1764583685,2025-12-01 10:08:05,0xabfa05c981f49f8d42d9a3361d53924df2c64966,0x852ae0b1af1aaedb0fc4428b4b24420780976ca8,,0,0,0,0.000000169351537823,0.000475282454985073,2799.09,,,Transmit
0x24157999fca5adb5cb1dec35c13d36cfe590d21a3a0970ed5feb760f55f5ae90,38897379,1764584105,2025-12-01 10:15:05,0xb9e44696b045ab005ea956253d8676f656eebc60,0x852ae0b1af1aaedb0fc4428b4b24420780976ca8,,0,0,0,0.000000161232132425,0.000452495470112141,2799.09,,,Transmit
0x1a0be9face7a04628b757d012819924d9d193f4e1069ba74380a776cffca38d7,38897484,1764584315,2025-12-01 10:18:35,0x02e9137940be6803d333eb1451c3834c96ca9c2d,0x852ae0b1af1aaedb0fc4428b4b24420780976ca8,,0,0,0,0.000000225371502954,0.000632501615188198,2799.09,,,Transmit
0xce00d2101ce3b9afacecf0ec459bebc2ad39283325c8ef71c85be49d193b1ac6,38898100,1764585547,2025-12-01 10:39:07,0x87b49edbbc2cce9237276c0d9f03d59d278dd1eb,0x852ae0b1af1aaedb0fc4428b4b24420780976ca8,,0,0,0,0.000000131470148362,0.000368968925077318,2799.09,,,Transmit
0xefaf6b5add46556739cd7a2e130b29749997365fe2925b00bb58f628fb0e9b75,38898715,1764586777,2025-12-01 10:59:37,0xb9e44696b045ab005ea956253d8676f656eebc60,0x852ae0b1af1aaedb0fc4428b4b24420780976ca8,,0,0,0,0.0000001063207416,0.000298387506444117,2799.09,,,Transmit
0x7c8d38fb512565066e094f3d74649fdf9fe1546a650b244675ba1f4229a5c5d0,38898895,1764587137,2025-12-01 11:05:37,0x34816bc1f605e0d58d46c43f1584c3a84f811e85,0x852ae0b1af1aaedb0fc4428b4b24420780976ca8,,0,0,0,0.000000196250245033,0.000550773258098153,2799.09,,,Transmit
0x53515fdeb74ba013b081a2ab74155ba1d683addff98823bba560d4a762c72904,38899450,1764588247,2025-12-01 11:24:07,0x34816bc1f605e0d58d46c43f1584c3a84f811e85,0x852ae0b1af1aaedb0fc4428b4b24420780976ca8,,0,0,0,0.000000210275867236,0.000590135948505501,2799.09,,,Transmit
0x1544e1aaeb1da77c99d8d13f839ed3be118cc5399c6f549493fbfbf7a0951abd,38900006,1764589359,2025-12-01 11:42:39,0xabfa05c981f49f8d42d9a3361d53924df2c64966,0x852ae0b1af1aaedb0fc4428b4b24420780976ca8,,0,0,0,0.000000183535087638,0.000515088366777394,2799.09,,,Transmit
0x6d2bb9560eb9029e2484e9ba0785acbfa27ce97a48600d26376e41d4eb46499a,38900501,1764590349,2025-12-01 11:59:09,0xabfa05c981f49f8d42d9a3361d53924df2c64966,0x852ae0b1af1aaedb0fc4428b4b24420780976ca8,,0,0,0,0.000000180577907897,0.000506789087862056,2799.09,,,Transmit
0x7e80b14f1da66028eeb472eb34c17ff69fc0217ce74ea027a1ef41b8b5dba723,38900696,1764590739,2025-12-01 12:05:39,0xb9e44696b045ab005ea956253d8676f656eebc60,0x852ae0b1af1aaedb0fc4428b4b24420780976ca8,,0,0,0,0.000000261414415387,0.000733655487932315,2799.09,,,Transmit
0xcfa0879f8f29b3abb89464e7b9272e9332aa5ba6fa7622e56d358ec942a123ab,38900726,1764590799,2025-12-01 12:06:39,0xabfa05c981f49f8d42d9a3361d53924df2c64966,0x852ae0b1af1aaedb0fc4428b4b24420780976ca8,,0,0,0,0.00000029250747736,0.000820917682403651,2799.09,,,Transmit
0x0c6cc23aa0a0da0f65edfc384ee0376d7538c9238b49581b20a783a08f8633b2,38900906,1764591159,2025-12-01 12:12:39,0xd6f8632e7cdca416cd64f3ac4f286887165e1d74,0x852ae0b1af1aaedb0fc4428b4b24420780976ca8,,0,0,0,0.000000298120867562,0.000836671574634522,2799.09,,,Transmit
0xf65daa0621fae8a44b3d4d580610897e24410761a4165440a24a9d47275e9334,38901191,1764591729,2025-12-01 12:22:09,0xd6f8632e7cdca416cd64f3ac4f286887165e1d74,0x852ae0b1af1aaedb0fc4428b4b24420780976ca8,,0,0,0,0.000000228146154895,0.000640288632673838,2799.09,,,Transmit
0x72a98acb07369ac8a2101423b73341a388281b53dd435971c16f803f8e25d355,38901357,1764592061,2025-12-01 12:27:41,0xabfa05c981f49f8d42d9a3361d53924df2c64966,0x852ae0b1af1aaedb0fc4428b4b24420780976ca8,,0,0,0,0.000000213869056004,0.000600220176855791,2799.09,,,Transmit
0xf84661bbc17938d9239bdad0bfc2b483df24836763d6da9c90f1819d65dd1754,38901491,1764592329,2025-12-01 12:32:09,0xb9e44696b045ab005ea956253d8676f656eebc60,0x852ae0b1af1aaedb0fc4428b4b24420780976ca8,,0,0,0,0.000000207789119682,0.000583156930200816,2799.09,,,Transmit
0x3415f0a5225d20d41e16a0411a70d216bade5d0d62092472334d01ef5330a8b2,38901641,1764592629,2025-12-01 12:37:09,0xb9e44696b045ab005ea956253d8676f656eebc60,0x852ae0b1af1aaedb0fc4428b4b24420780976ca8,,0,0,0,0.000000227550785812,0.000638617738609172,2799.09,,,Transmit
0xe109322543b8e826c1bfb053dbcee1837fff1cf24090a5d7a893908e26e35fde,38901671,1764592689,2025-12-01 12:38:09,0xd6f8632e7cdca416cd64f3ac4f286887165e1d74,0x852ae0b1af1aaedb0fc4428b4b24420780976ca8,,0,0,0,0.000000225037638781,0.000631564630583188,2799.09,,,Transmit
0x255985ef3bd366d41d19554956f5c0e3be69967a4c6a34bdc1e6a25dbee66cfd,38901761,1764592869,2025-12-01 12:41:09,0xd6f8632e7cdca416cd64f3ac4f286887165e1d74,0x852ae0b1af1aaedb0fc4428b4b24420780976ca8,,0,0,0,0.000000252689109884,0.000709168053845387,2799.09,,,Transmit
0xc918030ddd1867e858ca6cd11a83b1ecac471698ecb2796fbfac23c9f12f57fb,38901822,1764592991,2025-12-01 12:43:11,0xe493145adcf22c4efe07d720401c7ce9961d70ea,0x852ae0b1af1aaedb0fc4428b4b24420780976ca8,,0,0,0,0.000000362582527628,0.00101758222027981,2799.09,,,Transmit
0x71e599cb5566f0564cd5ec8b38b1d5f875584106356c74038bd20d712acd7312,38901837,1764593021,2025-12-01 12:43:41,0x58f7b80be97d031bd1067a2acdcf3ce100790019,0x852ae0b1af1aaedb0fc4428b4b24420780976ca8,,0,0,0,0.000000366167244563,0.00102764267256265,2799.09,,,Transmit
0xe9dc7a417b3ef278c91dec42bd55ecac0e837eec9155fa9e48d0da1803f8ad98,38901897,1764593141,2025-12-01 12:45:41,0x87b49edbbc2cce9237276c0d9f03d59d278dd1eb,0x852ae0b1af1aaedb0fc4428b4b24420780976ca8,,0,0,0,0.0000002709938302,0.000760539966503756,2799.09,,,Transmit
0xb1b09b0fa5e3b0ff4d5703f26db2da6f00755443c2c95d9de4bf214ed3b001e0,38901942,1764593231,2025-12-01 12:47:11,0xb9e44696b045ab005ea956253d8676f656eebc60,0x852ae0b1af1aaedb0fc4428b4b24420780976ca8,,0,0,0,0.000000324163693246,0.000909760359566469,2799.09,,,Transmit
0xaa811c0036f53c3a6d677b785511e52c300701f00928b6132d64ad190df0d002,38902030,1764593407,2025-12-01 12:50:07,0x02e9137940be6803d333eb1451c3834c96ca9c2d,0x852ae0b1af1aaedb0fc4428b4b24420780976ca8,,0,0,0,0.000000460662712056,0.00129284273128296,2799.09,,,Transmit
0xcc191aa652680c23972c1102e46b48e4fb2428ec473da2c9de8d2a1dfb1447ce,38902109,1764593565,2025-12-01 12:52:45,0x58f7b80be97d031bd1067a2acdcf3ce100790019,0x852ae0b1af1aaedb0fc4428b4b24420780976ca8,,0,0,0,0.000000310238726128,0.000870680156088502,2799.09,,,Transmit
0xabd9f442f6c164ae9b5be3d348cbfcd8dab5552044b9f6f0b2ea118f558987bf,38902146,1764593639,2025-12-01 12:53:59,0x87b49edbbc2cce9237276c0d9f03d59d278dd1eb,0x852ae0b1af1aaedb0fc4428b4b24420780976ca8,,0,0,0,0.000000079377200405,0.000222770877449964,2799.09,Error(0),execution reverted,Transmit
0xaaaf06090432f92bdd9c62d4132d9985bf51cb09dfa43ea6738ba329724dc831,38902146,1764593639,2025-12-01 12:53:59,0xe493145adcf22c4efe07d720401c7ce9961d70ea,0x852ae0b1af1aaedb0fc4428b4b24420780976ca8,,0,0,0,0.000000079377200405,0.000222770877449964,2799.09,Error(0),execution reverted,Transmit
0xdb4e4f2f96fde92fdc8a1b95cf3ba5cb9f04064955d70ca567eb19879943f6fd,38902146,1764593639,2025-12-01 12:53:59,0x87b49edbbc2cce9237276c0d9f03d59d278dd1eb,0x852ae0b1af1aaedb0fc4428b4b24420780976ca8,,0,0,0,0.000000288149331778,0.000808686614661236,2799.09,,,Transmit
0xd0d2f0d6d4cbb048f330fa00aed81ccee4e2cc07f2ecd38eb1ee72ffa0b60ca4,38902181,1764593709,2025-12-01 12:55:09,0xb9e44696b045ab005ea956253d8676f656eebc60,0x852ae0b1af1aaedb0fc4428b4b24420780976ca8,,0,0,0,0.000000074308651378,0.000208546073496412,2799.09,Error(0),execution reverted,Transmit
0x582ea2928706968f7607c8fddbd5af9ed7fe606b615878a9af0e490cb5604a89,38902181,1764593709,2025-12-01 12:55:09,0xb9e44696b045ab005ea956253d8676f656eebc60,0x852ae0b1af1aaedb0fc4428b4b24420780976ca8,,0,0,0,0.000000074515567613,0.000209126780689339,2799.09,Error(0),execution reverted,Transmit
0xe87d8593efb62f9cc15190a50f69c3e2d8bd918670dab36714de68541fb803a8,38902181,1764593709,2025-12-01 12:55:09,0xd6f8632e7cdca416cd64f3ac4f286887165e1d74,0x852ae0b1af1aaedb0fc4428b4b24420780976ca8,,0,0,0,0.000000074515567613,0.000209126780689339,2799.09,Error(0),execution reverted,Transmit
0x84ceda6c16aaaafc2f6b07565f379387841f2d098d3770b46464e6363a44ed8f,38902192,1764593731,2025-12-01 12:55:31,0x02e9137940be6803d333eb1451c3834c96ca9c2d,0x852ae0b1af1aaedb0fc4428b4b24420780976ca8,,0,0,0,0.000000074001954298,0.000207685332915057,2799.09,Error(0),execution reverted,Transmit
0xbe77e78472efe606a601a54b5f8146359552c7c31772b65c3bd98fb5ed9fec3c,38902200,1764593747,2025-12-01 12:55:47,0xabfa05c981f49f8d42d9a3361d53924df2c64966,0x852ae0b1af1aaedb0fc4428b4b24420780976ca8,,0,0,0,0.00000027120626912,0.000761136173026176,2799.09,,,Transmit
0xf55aeab4bef67affc4fe093de497b3e1a33064805e66d19d8f7d57d4fa84983b,38902209,1764593765,2025-12-01 12:56:05,0x371dfbc7575012bb28d3709a8918a47464b1b7dc,0x852ae0b1af1aaedb0fc4428b4b24420780976ca8,,0,0,0,0.000000074571209296,0.000209282938206629,2799.09,Error(0),execution reverted,Transmit
0x737fff801b01bf40b0d7ff5482cf42f8170a0bb5694d37e0395ee5e9872235a2,38902210,1764593767,2025-12-01 12:56:07,0x371dfbc7575012bb28d3709a8918a47464b1b7dc,0x852ae0b1af1aaedb0fc4428b4b24420780976ca8,,0,0,0,0.000000074612200944,0.000209397980628716,2799.09,Error(0),execution reverted,Transmit
0xdafc559a13588345f7ce06eb73ec374e3b1824b875373e5262306bf9391baade,38902210,1764593767,2025-12-01 12:56:07,0x371dfbc7575012bb28d3709a8918a47464b1b7dc,0x852ae0b1af1aaedb0fc4428b4b24420780976ca8,,0,0,0,0.000000268751865636,0.000754247927850519,2799.09,,,Transmit
0x2b0e3179dd5e6f3a7b0e94ffde3030e3aa14d1275bb25e03928d4f8e5908ef6e,38902210,1764593767,2025-12-01 12:56:07,0x87b49edbbc2cce9237276c0d9f03d59d278dd1eb,0x852ae0b1af1aaedb0fc4428b4b24420780976ca8,,0,0,0,0.000000074505856884,0.000209099527679546,2799.09,Error(0),execution reverted,Transmit
0x7a373377c469d0d19c25b97616688abfc2c115af92cfea35a9b984eeb6e0b191,38902219,1764593785,2025-12-01 12:56:25,0x34816bc1f605e0d58d46c43f1584c3a84f811e85,0x852ae0b1af1aaedb0fc4428b4b24420780976ca8,,0,0,0,0.000000145455286551,0.000408217997729499,2799.09,Error(0),execution reverted,Transmit
0x1841a8c9bfb90cb67e846130767e4fced66e55a6771752006150ff3f5edcca49,38902227,1764593801,2025-12-01 12:56:41,0x34816bc1f605e0d58d46c43f1584c3a84f811e85,0x852ae0b1af1aaedb0fc4428b4b24420780976ca8,,0,0,0,0.000000256618084765,0.000720194660695383,2799.09,Error(0),execution reverted,Transmit
0xa24fb32c4f117a5ce7c327dc3bc7d69e7a151d01e967bf40092508f20a4dc551,38902229,1764593805,2025-12-01 12:56:45,0xd6f8632e7cdca416cd64f3ac4f286887165e1d74,0x852ae0b1af1aaedb0fc4428b4b24420780976ca8,,0,0,0,0.000000095545249635,0.000268146255962236,2799.09,Error(0),execution reverted,Transmit
0x0b11719ba31255c493d99a0241b4c6e95e976f152c2b1f4d36e510c745c3f647,38902242,1764593831,2025-12-01 12:57:11,0x58f7b80be97d031bd1067a2acdcf3ce100790019,0x852ae0b1af1aaedb0fc4428b4b24420780976ca8,,0,0,0,0.000000071682695783,0.0002011763699914,2799.09,Error(0),execution reverted,Transmit
0x31bd161cc8ae3aa749012bb8f431d672d773e41a0ef406a52a89bbd0c42a493f,38902251,1764593849,2025-12-01 12:57:29,0x87b49edbbc2cce9237276c0d9f03d59d278dd1eb,0x852ae0b1af1aaedb0fc4428b4b24420780976ca8,,0,0,0,0.000000071445038151,0.000200509387546275,2799.09,Error(0),execution reverted,Transmit
0xbd064e19479ef30a8842a12d0da26a83516f9787b95d95bdd1634278950140a8,38902253,1764593853,2025-12-01 12:57:33,0x34816bc1f605e0d58d46c43f1584c3a84f811e85,0x852ae0b1af1aaedb0fc4428b4b24420780976ca8,,0,0,0,0.000000115910479584,0.000325300956834292,2799.09,Error(0),execution reverted,Transmit
0xebc8313c47e71fd2fdd09e1a9d463aef0652519eb925727196fc35d02dad0ae7,38902257,1764593861,2025-12-01 12:57:41,0x34816bc1f605e0d58d46c43f1584c3a84f811e85,0x852ae0b1af1aaedb0fc4428b4b24420780976ca8,,0,0,0,0.000000126785787247,0.000355822338519003,2799.09,Error(0),execution reverted,Transmit
0xcdbc2c2cd842c9c4f5d73ae49143aefc737bb807f979b143a79247a8533d94f1,38902260,1764593867,2025-12-01 12:57:47,0x02e9137940be6803d333eb1451c3834c96ca9c2d,0x852ae0b1af1aaedb0fc4428b4b24420780976ca8,,0,0,0,0.000000080483521568,0.000225875750574306,2799.09,Error(0),execution reverted,Transmit
0x6843190f8d387b4d98ba855d801254bc4b218163e30cca41fcb027552482ef42,38902270,1764593887,2025-12-01 12:58:07,0xc04a3c4abf8995da051140f552cb4eb086185836,0x852ae0b1af1aaedb0fc4428b4b24420780976ca8,,0,0,0,0.000000094066220087,0.000263995382556506,2799.09,Error(0),execution reverted,Transmit
0xbb0ea6dd650171fd122e0c8f6971c67d365e76ac3c211a728bc796c372522152,38902274,1764593895,2025-12-01 12:58:15,0xb9e44696b045ab005ea956253d8676f656eebc60,0x852ae0b1af1aaedb0fc4428b4b24420780976ca8,,0,0,0,0.000000098681072205,0.000276946893196631,2799.09,Error(0),execution reverted,Transmit
0x32e24b352a4ee7bb08fe1f5705ca5579e394f482e20c7c7308596e4778cab1a1,38902276,1764593899,2025-12-01 12:58:19,0x58f7b80be97d031bd1067a2acdcf3ce100790019,0x852ae0b1af1aaedb0fc4428b4b24420780976ca8,,0,0,0,0.000000098483634755,0.000276392788066272,2799.09,Error(0),execution reverted,Transmit
0x1326df4c4ec447811a37acd7d17be48307ca0e4303925513a42209c93745bb55,38902285,1764593917,2025-12-01 12:58:37,0xabfa05c981f49f8d42d9a3361d53924df2c64966,0x852ae0b1af1aaedb0fc4428b4b24420780976ca8,,0,0,0,0.000000097938406248,0.000274862612747724,2799.09,Error(0),execution reverted,Transmit
0xe2fc535ae2a2b817afc812df354c0d918ee79e97f6b6a68c4c52be2f3b458d7a,38902293,1764593933,2025-12-01 12:58:53,0x02e9137940be6803d333eb1451c3834c96ca9c2d,0x852ae0b1af1aaedb0fc4428b4b24420780976ca8,,0,0,0,0.000000093190061879,0.000261536458182942,2799.09,Error(0),execution reverted,Transmit
0x0ddfaedd6644d0ce448c4d65385915ee569b230689f3df55f3b11b3e417e481a,38902296,1764593939,2025-12-01 12:58:59,0xe493145adcf22c4efe07d720401c7ce9961d70ea,0x852ae0b1af1aaedb0fc4428b4b24420780976ca8,,0,0,0,0.000000091998767324,0.000258193108556542,2799.09,Error(0),execution reverted,Transmit
0xfa14290a7a905a924f90d4f6981ab92d1edee336489df6bffc67f84f99e2403d,38902298,1764593943,2025-12-01 12:59:03,0x371dfbc7575012bb28d3709a8918a47464b1b7dc,0x852ae0b1af1aaedb0fc4428b4b24420780976ca8,,0,0,0,0.000000091973170533,0.000258121271561009,2799.09,Error(0),execution reverted,Transmit
0x57cbfd57db1c0ac636e063bc71d8e240704493fe2406cadd1ce83d2462cf409a,38902306,1764593959,2025-12-01 12:59:19,0xd6f8632e7cdca416cd64f3ac4f286887165e1d74,0x852ae0b1af1aaedb0fc4428b4b24420780976ca8,,0,0,0,0.00000009181235528,0.000257669946056514,2799.09,Error(0),execution reverted,Transmit
0xd5a71b81e0ba2e6dd906d68165e497f6d5b255904ab9b58d7473825e17a13525,38902306,1764593959,2025-12-01 12:59:19,0x58f7b80be97d031bd1067a2acdcf3ce100790019,0x852ae0b1af1aaedb0fc4428b4b24420780976ca8,,0,0,0,0.00000009185844328,0.000257799291311166,2799.09,Error(0),execution reverted,Transmit
0x847af6828c449accd2eee8874539b0357143d337c275c0e8c622770b33e56fbb,38902310,1764593967,2025-12-01 12:59:27,0x58f7b80be97d031bd1067a2acdcf3ce100790019,0x852ae0b1af1aaedb0fc4428b4b24420780976ca8,,0,0,0,0.000000331088472969,0.00092919464607657,2799.09,,,Transmit
0x9add500e57f1eb4c49239547e21d131d102be8c118db35b08d276ba00ba04722,38902316,1764593979,2025-12-01 12:59:39,0xe493145adcf22c4efe07d720401c7ce9961d70ea,0x852ae0b1af1aaedb0fc4428b4b24420780976ca8,,0,0,0,0.000000092478604216,0.000259539763325397,2799.09,Error(0),execution reverted,Transmit
0xac4260234c8e0297d3674ee3340046786ae2eb47f793a3ae06644f5ddfaac4bb,38902324,1764593995,2025-12-01 12:59:55,0x87b49edbbc2cce9237276c0d9f03d59d278dd1eb,0x852ae0b1af1aaedb0fc4428b4b24420780976ca8,,0,0,0,0.000000092956188661,0.000260880096636804,2799.09,Error(0),execution reverted,Transmit
0x4c699fa4827f95a87d332dd7819d6bdf8b9826babb5bf7f3dee0a89394b723cf,38902325,1764593997,2025-12-01 12:59:57,0xabfa05c981f49f8d42d9a3361d53924df2c64966,0x852ae0b1af1aaedb0fc4428b4b24420780976ca8,,0,0,0,0.000000092914564491,0.00026076327905157,2799.09,Error(0),execution reverted,Transmit
0x2b666ff7ff6c80b5fbbaa3516898ac8938be4e1da385e8f01db42381a164d92b,38902333,1764594013,2025-12-01 13:00:13,0x34816bc1f605e0d58d46c43f1584c3a84f811e85,0x852ae0b1af1aaedb0fc4428b4b24420780976ca8,,0,0,0,0.000000313243113412,0.000879111922238497,2799.09,Error(0),execution reverted,Transmit
0x9009b37649c903b060717e75f486c97b8f90088d97f4b8d788ea7efb4117cc68,38902334,1764594015,2025-12-01 13:00:15,0xd6f8632e7cdca416cd64f3ac4f286887165e1d74,0x852ae0b1af1aaedb0fc4428b4b24420780976ca8,,0,0,0,0.000000091060649062,0.00025556029425582,2799.09,Error(0),execution reverted,Transmit
0x78a4638874c97c466d3e8d783dc018bd2dd10d84efc8e5624e2ede0c2299529a,38902338,1764594023,2025-12-01 13:00:23,0x58f7b80be97d031bd1067a2acdcf3ce100790019,0x852ae0b1af1aaedb0fc4428b4b24420780976ca8,,0,0,0,0.000000324910287886,0.000911855665803067,2799.09,,,Transmit
0xfd40ac7ff7a75724385be8a2033f5e81d1b419c68492c3dcaf9f3797ae6ed4ce,38902339,1764594025,2025-12-01 13:00:25,0x02e9137940be6803d333eb1451c3834c96ca9c2d,0x852ae0b1af1aaedb0fc4428b4b24420780976ca8,,0,0,0,0.000000089248174624,0.000250473612956294,2799.09,Error(0),execution reverted,Transmit
0xfbffd0fea6d135a0ba176eb188f8e78da52434abf67f5e1bfcfed7d4b2c36877,38902339,1764594025,2025-12-01 13:00:25,0xd6f8632e7cdca416cd64f3ac4f286887165e1d74,0x852ae0b1af1aaedb0fc4428b4b24420780976ca8,,0,0,0,0.000000089232059749,0.00025042838681043,2799.09,Error(0),execution reverted,Transmit
0xfcbfe24f9845bf62efdf2a610d630d8fe53c4b7996f8e262cdbea760e0a13418,38902348,1764594043,2025-12-01 13:00:43,0xc04a3c4abf8995da051140f552cb4eb086185836,0x852ae0b1af1aaedb0fc4428b4b24420780976ca8,,0,0,0,0.000000093177114462,0.000261500121458655,2799.09,Error(0),execution reverted,Transmit
0x525d610921d85f4a8a97babc8b255c502e3c175abb9a0575b184037b6cd91c5a,38902393,1764594133,2025-12-01 13:02:13,0xe493145adcf22c4efe07d720401c7ce9961d70ea,0x852ae0b1af1aaedb0fc4428b4b24420780976ca8,,0,0,0,0.000000326097397886,0.000915187271540991,2799.09,,,Transmit
0x7a112d66636843dc1fe320526fdd6d574a882fb618218d4ad732bba0bdb71a55,38902428,1764594203,2025-12-01 13:03:23,0xb9e44696b045ab005ea956253d8676f656eebc60,0x852ae0b1af1aaedb0fc4428b4b24420780976ca8,,0,0,0,0.0000003529131841,0.000990445358169442,2799.09,,,Transmit
0x2ea4e04d2fc2e7ce4be49ab3b35a3882e69943ae933af85e0f04cc0b50311579,38902475,1764594297,2025-12-01 13:04:57,0x02e9137940be6803d333eb1451c3834c96ca9c2d,0x852ae0b1af1aaedb0fc4428b4b24420780976ca8,,0,0,0,0.000000368674460838,0.00103467913601423,2799.09,,,Transmit
0x93413b13efe9cf087732ab2e761e31a7c1643797c99ef326e4a223cb9d04d7e8,38902494,1764594335,2025-12-01 13:05:35,0x34816bc1f605e0d58d46c43f1584c3a84f811e85,0x852ae0b1af1aaedb0fc4428b4b24420780976ca8,,0,0,0,0.000001630452667477,0.00457584003367807,2799.09,,,Transmit
0x9fc301589bee208c4faf5215edaea0ec37ab20f0026c0542dadd5c0a29d20004,38902526,1764594399,2025-12-01 13:06:39,0x371dfbc7575012bb28d3709a8918a47464b1b7dc,0x852ae0b1af1aaedb0fc4428b4b24420780976ca8,,0,0,0,0.000000431218831342,0.00121020893834591,2799.09,,,Transmit
0xccf206d4f66402c32cb37df4442f95c981ae51e4d84e52306033d9a2183d320d,38902572,1764594491,2025-12-01 13:08:11,0x371dfbc7575012bb28d3709a8918a47464b1b7dc,0x852ae0b1af1aaedb0fc4428b4b24420780976ca8,,0,0,0,0.000000411946482895,0.00115612139239878,2799.09,,,Transmit
0x3f573b2c4d5ebf3e5867aa10cea83fdd414b9d94c55b69475b9380cc16337195,38902617,1764594581,2025-12-01 13:09:41,0x371dfbc7575012bb28d3709a8918a47464b1b7dc,0x852ae0b1af1aaedb0fc4428b4b24420780976ca8,,0,0,0,0.000000621404706456,0.00174396263665682,2799.09,,,Transmit
0xc24da3ce1fc5e244ccbaca0ed616407c40507b7cf157e41ddc0f0e79f480f1bd,38902647,1764594641,2025-12-01 13:10:41,0x58f7b80be97d031bd1067a2acdcf3ce100790019,0x852ae0b1af1aaedb0fc4428b4b24420780976ca8,,0,0,0,0.000000630472127597,0.00176941021295685,2799.09,,,Transmit
0x1e018fbe3a3b63ec1cb12c047d6f2bd8ba9e318a2dde0333433a2de771dc7fd3,38902767,1764594881,2025-12-01 13:14:41,0xc04a3c4abf8995da051140f552cb4eb086185836,0x852ae0b1af1aaedb0fc4428b4b24420780976ca8,,0,0,0,0.000000432354575304,0.00121339638609769,2799.09,,,Transmit
0xa3cdadbb94ddcb07e256a4ea209a7650b37075cd83a2f6c927e0e1c3672ee2f8,38902842,1764595031,2025-12-01 13:17:11,0x34816bc1f605e0d58d46c43f1584c3a84f811e85,0x852ae0b1af1aaedb0fc4428b4b24420780976ca8,,0,0,0,0.000000438749978896,0.00123134498673574,2799.09,,,Transmit
0x08282ec3234a00bba113da8226a6831d80d13554c32279b4ab621f49e9afb30b,38902857,1764595061,2025-12-01 13:17:41,0x02e9137940be6803d333eb1451c3834c96ca9c2d,0x852ae0b1af1aaedb0fc4428b4b24420780976ca8,,0,0,0,0.000000326194728522,0.000915460428455997,2799.09,,,Transmit
0x4044021fb4985a4a89d51be3e884df3288d809759b16f7fc19832a1509b4772d,38902992,1764595331,2025-12-01 13:22:11,0xc04a3c4abf8995da051140f552cb4eb086185836,0x852ae0b1af1aaedb0fc4428b4b24420780976ca8,,0,0,0,0.000000265812471739,0.000745998564629534,2799.09,,,Transmit
0x8e2dfb3fde133e680981a2620891d476cdd19445a6afeae478088a8ccb06c36f,38903052,1764595451,2025-12-01 13:24:11,0xd6f8632e7cdca416cd64f3ac4f286887165e1d74,0x852ae0b1af1aaedb0fc4428b4b24420780976ca8,,0,0,0,0.000000249708808846,0.000700803885369895,2799.09,,,Transmit
0x9a77d612c42266604fab887c8d4c3ac70651ff438f03470185e0988261f23877,38903082,1764595511,2025-12-01 13:25:11,0xd6f8632e7cdca416cd64f3ac4f286887165e1d74,0x852ae0b1af1aaedb0fc4428b4b24420780976ca8,,0,0,0,0.000000277352271714,0.000778384833645214,2799.09,,,Transmit
0x932153861e2b10cf3085a3c8c221f857f2e86879367a39d61b5f102721c719eb,38903307,1764595961,2025-12-01 13:32:41,0xd6f8632e7cdca416cd64f3ac4f286887165e1d74,0x852ae0b1af1aaedb0fc4428b4b24420780976ca8,,0,0,0,0.00000023787658463,0.000667596932273361,2799.09,,,Transmit
0x288de72a2496ac8b75792e14c17236576548a528778a2982e597a25fa33caba7,38903427,1764596201,2025-12-01 13:36:41,0x58f7b80be97d031bd1067a2acdcf3ce100790019,0x852ae0b1af1aaedb0fc4428b4b24420780976ca8,,0,0,0,0.000000280037935091,0.000785922106111072,2799.09,,,Transmit
0x04bd726817e21c4a84cde09f38668beeb816dcbbfd4617d1f9d35df4d8ad0147,38903518,1764596383,2025-12-01 13:39:43,0xb9e44696b045ab005ea956253d8676f656eebc60,0x852ae0b1af1aaedb0fc4428b4b24420780976ca8,,0,0,0,0.000000286857554495,0.000805061261822693,2799.09,,,Transmit
0x23391a9b3e93304392cfe52553845cb80b3bcb2d426edf00470a55a9c4f11e0f,38903548,1764596443,2025-12-01 13:40:43,0xb9e44696b045ab005ea956253d8676f656eebc60,0x852ae0b1af1aaedb0fc4428b4b24420780976ca8,,0,0,0,0.000000291136334904,0.000817069592442384,2799.09,,,Transmit
0xc15716998b957695cd6ca3366f9e7bee413c51842654d90de5c65fabd19e73ca,38903578,1764596503,2025-12-01 13:41:43,0x371dfbc7575012bb28d3709a8918a47464b1b7dc,0x852ae0b1af1aaedb0fc4428b4b24420780976ca8,,0,0,0,0.000000293808617836,0.000824569312897613,2799.09,,,Transmit
0xa097931dec65b8143f8507ca63f15af106a7ec636c28d8ea279df46d08963d57,38903893,1764597133,2025-12-01 13:52:13,0xd6f8632e7cdca416cd64f3ac4f286887165e1d74,0x852ae0b1af1aaedb0fc4428b4b24420780976ca8,,0,0,0,0.000000903523794041,0.00253572546484968,2799.09,,,Transmit
0x75bea44f35ce69db148a55977d8a102c3e3c4b65783ce4d9155d38b1912db66f,38903938,1764597223,2025-12-01 13:53:43,0x02e9137940be6803d333eb1451c3834c96ca9c2d,0x852ae0b1af1aaedb0fc4428b4b24420780976ca8,,0,0,0,0.00000069597414461,0.00195324060418099,2799.09,,,Transmit
0xaf3d6d915c54c34e45616c35f5a8147a797c5536718a406c40e677e5e6295371,38903998,1764597343,2025-12-01 13:55:43,0xc04a3c4abf8995da051140f552cb4eb086185836,0x852ae0b1af1aaedb0fc4428b4b24420780976ca8,,0,0,0,0.000000840884563208,0.00235992943848113,2799.09,,,Transmit
0x4069ba294da54d60ce313efd8438502ab08c53f6805d795109ec5b3da29cc7be,38904088,1764597523,2025-12-01 13:58:43,0x02e9137940be6803d333eb1451c3834c96ca9c2d,0x852ae0b1af1aaedb0fc4428b4b24420780976ca8,,0,0,0,0.00000048842735803,0.00137076377805909,2799.09,,,Transmit
0x525c47544bdba820c4220c9c14c08e9e20eeef7adb096c3311cc730f12a2d17f,38904268,1764597883,2025-12-01 14:04:43,0xd6f8632e7cdca416cd64f3ac4f286887165e1d74,0x852ae0b1af1aaedb0fc4428b4b24420780976ca8,,0,0,0,0.000000379430461572,0.00106486568465969,2799.09,,,Transmit
0xe56423c1f2053b278223f492953f37928a7891b3892a6d124db1dc1da2e3f6ad,38904298,1764597943,2025-12-01 14:05:43,0xd6f8632e7cdca416cd64f3ac4f286887165e1d74,0x852ae0b1af1aaedb0fc4428b4b24420780976ca8,,0,0,0,0.00000033551489713,0.000941617336588209,2799.09,,,Transmit
0x7694876c549c1ba7854e323054fe7eed7ecbeec9d6e0d429e3f69a0adfda5d16,38904373,1764598093,2025-12-01 14:08:13,0x371dfbc7575012bb28d3709a8918a47464b1b7dc,0x852ae0b1af1aaedb0fc4428b4b24420780976ca8,,0,0,0,0.000000321360095094,0.000901892104990199,2799.09,,,Transmit
0x7f4ec9c96908bc84608dbd795392063d51816c1f96c07a0637fc4bc1b14e7055,38904418,1764598183,2025-12-01 14:09:43,0x87b49edbbc2cce9237276c0d9f03d59d278dd1eb,0x852ae0b1af1aaedb0fc4428b4b24420780976ca8,,0,0,0,0.000000314160877283,0.000881687612257689,2799.09,,,Transmit
0x328fd8b34a8f8b740225b1162b4a90f0e8a0ca6936a852594d32fb1018aec29c,38904523,1764598393,2025-12-01 14:13:13,0xe493145adcf22c4efe07d720401c7ce9961d70ea,0x852ae0b1af1aaedb0fc4428b4b24420780976ca8,,0,0,0,0.000000319394268578,0.000896375043470653,2799.09,,,Transmit
0x09b8e479475dedd47a59fa2a3cebfb31c2e7d9414cef02857704d38b12dd9ee1,38904598,1764598543,2025-12-01 14:15:43,0xc04a3c4abf8995da051140f552cb4eb086185836,0x852ae0b1af1aaedb0fc4428b4b24420780976ca8,,0,0,0,0.000000287993441275,0.000808249110390964,2799.09,,,Transmit
0x44d885f5c42d176a3302d2675cf960eaafc48c20a9c8562ea4f0490625813f16,38904658,1764598663,2025-12-01 14:17:43,0xd6f8632e7cdca416cd64f3ac4f286887165e1d74,0x852ae0b1af1aaedb0fc4428b4b24420780976ca8,,0,0,0,0.000000278353850285,0.0007811957483154,2799.09,,,Transmit
0x972ed52dfc9a215fcb5feee5939ebc99bfe1e9b915bacbeda19a79a1e1d80371,38904733,1764598813,2025-12-01 14:20:13,0x58f7b80be97d031bd1067a2acdcf3ce100790019,0x852ae0b1af1aaedb0fc4428b4b24420780976ca8,,0,0,0,0.000000245584577202,0.000689229293453664,2799.09,,,Transmit
0x6922df8cd5264ad8f52ead2c117eea7543704bcde2eb58dc056a76446b92040f,38904958,1764599263,2025-12-01 14:27:43,0x87b49edbbc2cce9237276c0d9f03d59d278dd1eb,0x852ae0b1af1aaedb0fc4428b4b24420780976ca8,,0,0,0,0.000000235295731863,0.000660353809153116,2799.09,,,Transmit
0x34d6a5be13d816dd4af7db4002b24372338a902274f6e74c243cac2b15af5c38,38905079,1764599505,2025-12-01 14:31:45,0xabfa05c981f49f8d42d9a3361d53924df2c64966,0x852ae0b1af1aaedb0fc4428b4b24420780976ca8,,0,0,0,0.000000256215068392,0.000719063601517409,2799.09,,,Transmit
0xcda03cc2d830429f87161c6f9bc653bb2fbe1914c37bcb4209f22ae7345efd13,38905093,1764599533,2025-12-01 14:32:13,0x34816bc1f605e0d58d46c43f1584c3a84f811e85,0x852ae0b1af1aaedb0fc4428b4b24420780976ca8,,0,0,0,0.000000518991253147,0.00145654087398541,2799.09,,,Transmit
0xc1474931707fc4478e0ae89e513f2abd4007f5d4cb9c4a124efad8a36cbf57b6,38905124,1764599595,2025-12-01 14:33:15,0x371dfbc7575012bb28d3709a8918a47464b1b7dc,0x852ae0b1af1aaedb0fc4428b4b24420780976ca8,,0,0,0,0.000000300584915441,0.000843586886654634,2799.09,,,Transmit
0x80223ec3e4c8ae097fc10c0ab2a3ea179ddb4b610ee8bb5b9ba22c3acefc0ccc,38905153,1764599653,2025-12-01 14:34:13,0x58f7b80be97d031bd1067a2acdcf3ce100790019,0x852ae0b1af1aaedb0fc4428b4b24420780976ca8,,0,0,0,0.000000330718487644,0.000928156288020688,2799.09,,,Transmit
0x77719d2f3de7dc5b4804019d89e80731b079373f3eef35a7dd9b90e0ab27ee66,38905198,1764599743,2025-12-01 14:35:43,0x34816bc1f605e0d58d46c43f1584c3a84f811e85,0x852ae0b1af1aaedb0fc4428b4b24420780976ca8,,0,0,0,0.000001009913499204,0.00283430651645995,2799.09,,,Transmit
0x02eea371c7fb53448cd355a5c6d98878c221069952de5fab047140e2f0324d9e,38905228,1764599803,2025-12-01 14:36:43,0x87b49edbbc2cce9237276c0d9f03d59d278dd1eb,0x852ae0b1af1aaedb0fc4428b4b24420780976ca8,,0,0,0,0.000000517593754075,0.00145261881459157,2799.09,,,Transmit
0x8831f07479f6c17968173396412ea3d8b132c67b85c59b6933ea9c69c7530f17,38905305,1764599957,2025-12-01 14:39:17,0xabfa05c981f49f8d42d9a3361d53924df2c64966,0x852ae0b1af1aaedb0fc4428b4b24420780976ca8,,0,0,0,0.000000526563773616,0.00147779303481723,2799.09,,,Transmit
0x517386ae13c04f7b74e896faa10f1e9d25dcf6639b324ac9c9344d8f021ea75c,38905365,1764600077,2025-12-01 14:41:17,0xe493145adcf22c4efe07d720401c7ce9961d70ea,0x852ae0b1af1aaedb0fc4428b4b24420780976ca8,,0,0,0,0.000000528659391119,0.00148367435272163,2799.09,,,Transmit
0x4b415720a9576c1d42706799b92652de41f5c8ca354e769c908d02f6f4a63c02,38905379,1764600105,2025-12-01 14:41:45,0xc04a3c4abf8995da051140f552cb4eb086185836,0x852ae0b1af1aaedb0fc4428b4b24420780976ca8,,0,0,0,0.000000531664944034,0.00149210939019688,2799.09,,,Transmit
0x7150833e215313d463d9dc96f25d3204b14dd8d335a2b081c8c16929480929b3,38905439,1764600225,2025-12-01 14:43:45,0x371dfbc7575012bb28d3709a8918a47464b1b7dc,0x852ae0b1af1aaedb0fc4428b4b24420780976ca8,,0,0,0,0.000000531250540121,0.00149094637206514,2799.09,,,Transmit
0x0ce95ece06920c7fa33c9012c85a6399a14205eb9f51a91b49e8980815d6e145,38905529,1764600405,2025-12-01 14:46:45,0x58f7b80be97d031bd1067a2acdcf3ce100790019,0x852ae0b1af1aaedb0fc4428b4b24420780976ca8,,0,0,0,0.000000517453534828,0.00145222529145735,2799.09,,,Transmit
0x43bf0bc61cb7e37fc607e341b919d27b6f5054b757c50a374b344b06f340d9b8,38905544,1764600435,2025-12-01 14:47:15,0xabfa05c981f49f8d42d9a3361d53924df2c64966,0x852ae0b1af1aaedb0fc4428b4b24420780976ca8,,0,0,0,0.000000519304668582,0.0014574204695255,2799.09,,,Transmit
0x49df6bf1f41b5911147fef14f06f5be9a875e4e60fb10b5256b54e61404eb8e3,38905589,1764600525,2025-12-01 14:48:45,0x58f7b80be97d031bd1067a2acdcf3ce100790019,0x852ae0b1af1aaedb0fc4428b4b24420780976ca8,,0,0,0,0.000000582532030302,0.0016348670760743,2799.09,,,Transmit
0x6f35037723e673fec24d99f1553426de0df0ac52d6b8b50caec2cc4f465aaeb4,38905604,1764600555,2025-12-01 14:49:15,0x58f7b80be97d031bd1067a2acdcf3ce100790019,0x852ae0b1af1aaedb0fc4428b4b24420780976ca8,,0,0,0,0.000000588368583389,0.00165124727146844,2799.09,,,Transmit
0x1a00c0fe1ad85d0bd4e90077961c61985b682fc5741a6ac688999c7a500daec9,38905724,1764600795,2025-12-01 14:53:15,0xc04a3c4abf8995da051140f552cb4eb086185836,0x852ae0b1af1aaedb0fc4428b4b24420780976ca8,,0,0,0,0.000000451465482079,0.00126703084850514,2799.09,,,Transmit
0x22700146c21febfb328d00780fd819693b99989ba9ab5fcc0c25c5da8503ee33,38905754,1764600855,2025-12-01 14:54:15,0x87b49edbbc2cce9237276c0d9f03d59d278dd1eb,0x852ae0b1af1aaedb0fc4428b4b24420780976ca8,,0,0,0,0.000000423814909586,0.00118942994717792,2799.09,,,Transmit
0x8bef3c85e29937f2bc713bf8f3a8619a018544574db7660f12329fea4ccd3669,38905799,1764600945,2025-12-01 14:55:45,0x371dfbc7575012bb28d3709a8918a47464b1b7dc,0x852ae0b1af1aaedb0fc4428b4b24420780976ca8,,0,0,0,0.000000415486275095,0.00116605576411209,2799.09,,,Transmit
0x65775961db42bd151d0410b2860c6a2dfb55379ed6eff91c41926f4aa93fa55e,38905814,1764600975,2025-12-01 14:56:15,0x87b49edbbc2cce9237276c0d9f03d59d278dd1eb,0x852ae0b1af1aaedb0fc4428b4b24420780976ca8,,0,0,0,0.000000442714065991,0.00124247013546782,2799.09,,,Transmit
0xfccd71f6eff2eb64b0deaf2adc04ef897288a4e999692ad11ada6883c33e05e5,38905919,1764601185,2025-12-01 14:59:45,0x02e9137940be6803d333eb1451c3834c96ca9c2d,0x852ae0b1af1aaedb0fc4428b4b24420780976ca8,,0,0,0,0.000000460273044642,0.00129174913575065,2799.09,,,Transmit
0xf2c4589e8fe98bbb402a92ed7ae2708ff5acdef8d82914083e77bc2f64b67a7c,38906039,1764601425,2025-12-01 15:03:45,0xe493145adcf22c4efe07d720401c7ce9961d70ea,0x852ae0b1af1aaedb0fc4428b4b24420780976ca8,,0,0,0,0.000000329680415644,0.000925242955110024,2799.09,,,Transmit
0x592b3bbdc66d3b3f47f99d768db75a215841407caae00e58b4d3299f2595b771,38906084,1764601515,2025-12-01 15:05:15,0xb9e44696b045ab005ea956253d8676f656eebc60,0x852ae0b1af1aaedb0fc4428b4b24420780976ca8,,0,0,0,0.000000322304025884,0.000904541232060283,2799.09,,,Transmit
0xe59800a113357585d21aaf9359689b1320aede7354bcc28284847abbb397c5e6,38906129,1764601605,2025-12-01 15:06:45,0xe493145adcf22c4efe07d720401c7ce9961d70ea,0x852ae0b1af1aaedb0fc4428b4b24420780976ca8,,0,0,0,0.000000295922087203,0.000830500731780466,2799.09,,,Transmit
0x62ec919a22c6f0e0f20f52fbb9c1b0d7f79f2faf3edcb5ba62858a14c784fc59,38906370,1764602087,2025-12-01 15:14:47,0xabfa05c981f49f8d42d9a3361d53924df2c64966,0x852ae0b1af1aaedb0fc4428b4b24420780976ca8,,0,0,0,0.00000026737164652,0.000750374364384237,2799.09,,,Transmit
0xe764a3fbc31cf8c6d566a7c6f3930b10f43fa2b2067586aa958ecad5e23357c0,38906385,1764602117,2025-12-01 15:15:17,0x02e9137940be6803d333eb1451c3834c96ca9c2d,0x852ae0b1af1aaedb0fc4428b4b24420780976ca8,,0,0,0,0.000000379312739786,0.00106453530029959,2799.09,,,Transmit
0xc2d8068507f9edb973e5abf68114cef79d20c9409c03d8c71e092b0b372e2c26,38906414,1764602175,2025-12-01 15:16:15,0xe493145adcf22c4efe07d720401c7ce9961d70ea,0x852ae0b1af1aaedb0fc4428b4b24420780976ca8,,0,0,0,0.000000983660054654,0.00276062663295881,2799.09,,,Transmit
0x63c723457b85724492be900dc56a600d039ef58f7410b9960f1b15249ee152ef,38906429,1764602205,2025-12-01 15:16:45,0x34816bc1f605e0d58d46c43f1584c3a84f811e85,0x852ae0b1af1aaedb0fc4428b4b24420780976ca8,,0,0,0,0.000002881630198243,0.00808725029950126,2799.09,,,Transmit
0xd77ef1a65a025276bf934a23140ec4b09ce7a40846188bd96efbb9bda92529ad,38906444,1764602235,2025-12-01 15:17:15,0x34816bc1f605e0d58d46c43f1584c3a84f811e85,0x852ae0b1af1aaedb0fc4428b4b24420780976ca8,,0,0,0,0.000001347840988311,0.00378269475488021,2799.09,,,Transmit
0xb977170cee58ac016d8539bc009cf8dc5f221c7fa93f401dc80f014a089e7fa1,38906489,1764602325,2025-12-01 15:18:45,0xe493145adcf22c4efe07d720401c7ce9961d70ea,0x852ae0b1af1aaedb0fc4428b4b24420780976ca8,,0,0,0,0.000000855708240032,0.00240153185676079,2799.09,,,Transmit
0xf6577a4b0b5c1db8beead1ab7ae96d6d4f41fafc42b09a7df069be7f6c9df9c7,38906549,1764602445,2025-12-01 15:20:45,0x371dfbc7575012bb28d3709a8918a47464b1b7dc,0x852ae0b1af1aaedb0fc4428b4b24420780976ca8,,0,0,0,0.00000114877951158,0.00322403181877775,2799.09,,,Transmit
0xb43397c97d6f193d374054fe7e2dd226a4bf1786d337975a8cbc46c4b58e9c09,38906580,1764602507,2025-12-01 15:21:47,0xabfa05c981f49f8d42d9a3361d53924df2c64966,0x852ae0b1af1aaedb0fc4428b4b24420780976ca8,,0,0,0,0.000001151458060126,0.00323154912358115,2799.09,,,Transmit
0x3833616bd284401bb74d70554feb9e13603fb1850af3e8a3bcd2f6da64755f7c,38906699,1764602745,2025-12-01 15:25:45,0x87b49edbbc2cce9237276c0d9f03d59d278dd1eb,0x852ae0b1af1aaedb0fc4428b4b24420780976ca8,,0,0,0,0.000001337778420965,0.00375445431624505,2799.09,,,Transmit
0x0fdc57157c431e87813409866c54536c026e42db4ce1cbcb293e2d84648e9f04,38906744,1764602835,2025-12-01 15:27:15,0xe493145adcf22c4efe07d720401c7ce9961d70ea,0x852ae0b1af1aaedb0fc4428b4b24420780976ca8,,0,0,0,0.000001295022060193,0.00363445925523071,2799.09,,,Transmit
0x98a8627c588a82f7c164384a00a24546db6d1093093a372d9a06692e28ebe226,38906820,1764602987,2025-12-01 15:29:47,0x58f7b80be97d031bd1067a2acdcf3ce100790019,0x852ae0b1af1aaedb0fc4428b4b24420780976ca8,,0,0,0,0.000001138368398599,0.00319481319224299,2799.09,,,Transmit
0xf9f33f2920062a78690d04d065c61f656b87935e226e863363beeb2d6e908a46,38906895,1764603137,2025-12-01 15:32:17,0x371dfbc7575012bb28d3709a8918a47464b1b7dc,0x852ae0b1af1aaedb0fc4428b4b24420780976ca8,,0,0,0,0.000001060484081548,0.00297623206868967,2799.09,,,Transmit
0xc5dd19f90909bcddbc1e0900252c846e3da34ccd05a4aae5ebe094339992de51,38906910,1764603167,2025-12-01 15:32:47,0x34816bc1f605e0d58d46c43f1584c3a84f811e85,0x852ae0b1af1aaedb0fc4428b4b24420780976ca8,,0,0,0,0.000001672665803184,0.00469431054200266,2799.09,,,Transmit
0x7d63121cf068637847dc54f89da10169a25e1663cecd8720dbf2f1618ef9189c,38906958,1764603263,2025-12-01 15:34:23,0x87b49edbbc2cce9237276c0d9f03d59d278dd1eb,0x852ae0b1af1aaedb0fc4428b4b24420780976ca8,,0,0,0,0.000001359237154211,0.00381467791710003,2799.09,,,Transmit
0xf1e907d138cfe9f5351e165267308a008940223106147d5ceb0af86607a56bd3,38906995,1764603337,2025-12-01 15:35:37,0x58f7b80be97d031bd1067a2acdcf3ce100790019,0x852ae0b1af1aaedb0fc4428b4b24420780976ca8,,0,0,0,0.000001693366933858,0.00475240794303121,2799.09,,,Transmit
0x49ded9f48c0322f64d9a9921049ed227efc9845341836e1e5bb1f92e9da2a8ab,38907030,1764603407,2025-12-01 15:36:47,0x34816bc1f605e0d58d46c43f1584c3a84f811e85,0x852ae0b1af1aaedb0fc4428b4b24420780976ca8,,0,0,0,0.000003884508289812,0.010901812053938,2799.09,,,Transmit
0x689862267e3ed18b90c134c18e919920065f66baa1d76c9658f9251b6fbe0087,38907060,1764603467,2025-12-01 15:37:47,0xe493145adcf22c4efe07d720401c7ce9961d70ea,0x852ae0b1af1aaedb0fc4428b4b24420780976ca8,,0,0,0,0.000003214713011451,0.00902204203041717,2799.09,,,Transmit
0xb704e7a9842c48c8b7160dda5cc5f9b00af9be220af8d324e8a5cd5f8ba5a573,38907075,1764603497,2025-12-01 15:38:17,0x58f7b80be97d031bd1067a2acdcf3ce100790019,0x852ae0b1af1aaedb0fc4428b4b24420780976ca8,,0,0,0,0.000002892731399149,0.00811840564705648,2799.09,,,Transmit
0x4a0da1b41a00744932fabeb0f261c5d3fb646473b7b432677eb1eb60c599d492,38907106,1764603559,2025-12-01 15:39:19,0xabfa05c981f49f8d42d9a3361d53924df2c64966,0x852ae0b1af1aaedb0fc4428b4b24420780976ca8,,0,0,0,0.000002570397835619,0.00721378151805244,2799.09,,,Transmit
0x3f53f640f76e51b9b96da66d0fe6737324f023178e99c34616602edbb1e72f63,38907150,1764603647,2025-12-01 15:40:47,0x87b49edbbc2cce9237276c0d9f03d59d278dd1eb,0x852ae0b1af1aaedb0fc4428b4b24420780976ca8,,0,0,0,0.000003101051584268,0.00870305300414033,2799.09,,,Transmit
0xd357e5d71ea27c58e8bf2137a79c827c131626ef16134c58501a9ce310dde085,38907180,1764603707,2025-12-01 15:41:47,0x58f7b80be97d031bd1067a2acdcf3ce100790019,0x852ae0b1af1aaedb0fc4428b4b24420780976ca8,,0,0,0,0.000003286301646103,0.00922295441930845,2799.09,,,Transmit
0xc52e2ae886848fb6bf0cd361612e9cc0fb90df820e28012867f6d0cc6a2eafa6,38907210,1764603767,2025-12-01 15:42:47,0x58f7b80be97d031bd1067a2acdcf3ce100790019,0x852ae0b1af1aaedb0fc4428b4b24420780976ca8,,0,0,0,0.000003424596523086,0.00961107683903538,2799.09,,,Transmit
0x167eeacaf77dfb0f4f7685b6d9f4724983573910612989ec9ac440fcb49edd86,38907225,1764603797,2025-12-01 15:43:17,0xb9e44696b045ab005ea956253d8676f656eebc60,0x852ae0b1af1aaedb0fc4428b4b24420780976ca8,,0,0,0,0.000003717050722696,0.0104318449982629,2799.09,,,Transmit
0x4b8132fcb14a6843fd6e8a8bd77be1ffa07fd78c444725282ebb6742ea1accd8,38907390,1764604127,2025-12-01 15:48:47,0x87b49edbbc2cce9237276c0d9f03d59d278dd1eb,0x852ae0b1af1aaedb0fc4428b4b24420780976ca8,,0,0,0,0.000006005814678766,0.0168552254169234,2799.09,,,Transmit
0xbfc341e05c989c4c586e43918b30f7debdb6097ba9012c2709bd9e6ea183a1fa,38907450,1764604247,2025-12-01 15:50:47,0xd6f8632e7cdca416cd64f3ac4f286887165e1d74,0x852ae0b1af1aaedb0fc4428b4b24420780976ca8,,0,0,0,0.000005731186073691,0.0160844845113073,2799.09,,,Transmit
0x60addb1dcc1b9661485be0f9d81d711644ac38c214f5c93d663efa5d187f8ad4,38907480,1764604307,2025-12-01 15:51:47,0x58f7b80be97d031bd1067a2acdcf3ce100790019,0x852ae0b1af1aaedb0fc4428b4b24420780976ca8,,0,0,0,0.000003943001614087,0.0110659726580815,2799.09,,,Transmit
0x310c9b6fa8b3ce21d2e464684fa340f94b9d3aaa5a00efa400249348295f9480,38907510,1764604367,2025-12-01 15:52:47,0x58f7b80be97d031bd1067a2acdcf3ce100790019,0x852ae0b1af1aaedb0fc4428b4b24420780976ca8,,0,0,0,0.000003913973434654,0.0109845055243193,2799.09,,,Transmit
0x301c991623c3f4178c0a0ffac16b5ebe24d2e04530102cc0ead3f68c6284337c,38907585,1764604517,2025-12-01 15:55:17,0x371dfbc7575012bb28d3709a8918a47464b1b7dc,0x852ae0b1af1aaedb0fc4428b4b24420780976ca8,,0,0,0,0.000002771985207323,0.00777953333908169,2799.09,,,Transmit
0xf14590e25e99ec91f814b426df5895238c3baa8789b11b2ae88b0a7281f3a313,38907646,1764604639,2025-12-01 15:57:19,0xabfa05c981f49f8d42d9a3361d53924df2c64966,0x852ae0b1af1aaedb0fc4428b4b24420780976ca8,,0,0,0,0.000002680980133916,0.0075241290170366,2799.09,,,Transmit
0xfe499f3509b809390b36a9dd6cbe138910dadccf1d89fcec1f1311c60e197a84,38907675,1764604697,2025-12-01 15:58:17,0x02e9137940be6803d333eb1451c3834c96ca9c2d,0x852ae0b1af1aaedb0fc4428b4b24420780976ca8,,0,0,0,0.000001742288267727,0.00488970490508599,2799.09,,,Transmit
0x95e8344622126a2821903a12e5282e74a4b75104cfe664c6b270e11e38d8f023,38907765,1764604877,2025-12-01 16:01:17,0xb9e44696b045ab005ea956253d8676f656eebc60,0x852ae0b1af1aaedb0fc4428b4b24420780976ca8,,0,0,0,0.000001843575344954,0.00517396551081504,2799.09,,,Transmit
0x8c17f5d45b90cad0082025cd0b773d1211c269513b58782bbfd40472ef616fa9,38907795,1764604937,2025-12-01 16:02:17,0xb9e44696b045ab005ea956253d8676f656eebc60,0x852ae0b1af1aaedb0fc4428b4b24420780976ca8,,0,0,0,0.000001272222055101,0.0035704713958165,2799.09,,,Transmit
0x7821a1a4b3cc8e2e979121452cbf179adbe93a4618e6fb4ed6ae26e57edd3844,38907825,1764604997,2025-12-01 16:03:17,0x34816bc1f605e0d58d46c43f1584c3a84f811e85,0x852ae0b1af1aaedb0fc4428b4b24420780976ca8,,0,0,0,0.000002052409467078,0.00576005522410412,2799.09,,,Transmit
0x037b42290b1a59e5c127ea1c9ec7a2e1721cb454490e76b88dfbf90408ce5081,38907930,1764605207,2025-12-01 16:06:47,0xc04a3c4abf8995da051140f552cb4eb086185836,0x852ae0b1af1aaedb0fc4428b4b24420780976ca8,,0,0,0,0.000000994359201726,0.00279065362268677,2799.09,,,Transmit
0x39cc5fa0ffd81742d7ec4513c2ee36e6c96457d8a6f0c40fd681fe83d29dd7d4,38907945,1764605237,2025-12-01 16:07:17,0x87b49edbbc2cce9237276c0d9f03d59d278dd1eb,0x852ae0b1af1aaedb0fc4428b4b24420780976ca8,,0,0,0,0.000001148184451121,0.00322236179086154,2799.09,,,Transmit
0x1e1c1d0c6eb6b12ff5e01530752395f80dd30f8dd6b78b456618d9ac4f926e77,38908021,1764605389,2025-12-01 16:09:49,0xabfa05c981f49f8d42d9a3361d53924df2c64966,0x852ae0b1af1aaedb0fc4428b4b24420780976ca8,,0,0,0,0.000000810912099,0.00227581218419544,2799.09,,,Transmit
0x8d030f1ef884ba10a8bb90b8370c1b24b8bbffaa71fef5e1374b1e4d9f34f073,38908065,1764605477,2025-12-01 16:11:17,0xd6f8632e7cdca416cd64f3ac4f286887165e1d74,0x852ae0b1af1aaedb0fc4428b4b24420780976ca8,,0,0,0,0.000000906596094695,0.00254434782881552,2799.09,,,Transmit
0x096080efcd2b293a12b83dbdbb293ae0bf8133e9626807df946e03868c161504,38908170,1764605687,2025-12-01 16:14:47,0xe493145adcf22c4efe07d720401c7ce9961d70ea,0x852ae0b1af1aaedb0fc4428b4b24420780976ca8,,0,0,0,0.000001127830133336,0.0031652377148079,2799.09,,,Transmit
0x8120faf9e49e199819030751d31b1319f14fdd8beee4408efc4da131eb79adae,38908245,1764605837,2025-12-01 16:17:17,0xe493145adcf22c4efe07d720401c7ce9961d70ea,0x852ae0b1af1aaedb0fc4428b4b24420780976ca8,,0,0,0,0.00000087944379581,0.00246814532461364,2799.09,,,Transmit
0xbe5042e5eca40612930d3b5ff6f5e57dc63951a2146da699088b37537bcea23a,38908306,1764605959,2025-12-01 16:19:19,0xc04a3c4abf8995da051140f552cb4eb086185836,0x852ae0b1af1aaedb0fc4428b4b24420780976ca8,,0,0,0,0.000000857853466087,0.00240755240029423,2799.09,,,Transmit
0xda600e6f996939f34970871266591cad81742f21a7cb9d2694f665816fd58227,38908396,1764606139,2025-12-01 16:22:19,0xabfa05c981f49f8d42d9a3361d53924df2c64966,0x852ae0b1af1aaedb0fc4428b4b24420780976ca8,,0,0,0,0.000000881760124327,0.00247464606454352,2799.09,,,Transmit
0xd7458349c92aecd8100d01c1f23b045c38b5d46002eb98899494325ef4532ab9,38908411,1764606169,2025-12-01 16:22:49,0xe493145adcf22c4efe07d720401c7ce9961d70ea,0x852ae0b1af1aaedb0fc4428b4b24420780976ca8,,0,0,0,0.000001152574008743,0.00323468101600529,2799.09,,,Transmit
0xdf33677f9123e76f1659ec751fc449213ed2e07f43a5f05f82e7f5782ddcdab3,38908486,1764606319,2025-12-01 16:25:19,0x58f7b80be97d031bd1067a2acdcf3ce100790019,0x852ae0b1af1aaedb0fc4428b4b24420780976ca8,,0,0,0,0.000001106285442482,0.00310477287526398,2799.09,,,Transmit
0x2bd659f73e75e2c20d34267e441ecfd51ac5af3efe15bde8289533423f042ec0,38908501,1764606349,2025-12-01 16:25:49,0xc04a3c4abf8995da051140f552cb4eb086185836,0x852ae0b1af1aaedb0fc4428b4b24420780976ca8,,0,0,0,0.000001066268351722,0.00299246553290225,2799.09,,,Transmit
0xececa58eb67f3f874719ae78a6104b9885b2ce8c7e466215541ddaaf792ae209,38908576,1764606499,2025-12-01 16:28:19,0x371dfbc7575012bb28d3709a8918a47464b1b7dc,0x852ae0b1af1aaedb0fc4428b4b24420780976ca8,,0,0,0,0.000000949063078829,0.00266353075879939,2799.09,,,Transmit
0x903a400dc941236a650cd0a88472d310f6ffc868e480543a145688d3e9251601,38908696,1764606739,2025-12-01 16:32:19,0x02e9137940be6803d333eb1451c3834c96ca9c2d,0x852ae0b1af1aaedb0fc4428b4b24420780976ca8,,0,0,0,0.000000701257818131,0.0019680691516786,2799.09,,,Transmit
0x88e245dff44540132decf19dd2ddba9519afd12812777b9ae4dd6052dc523eb1,38908861,1764607069,2025-12-01 16:37:49,0xc04a3c4abf8995da051140f552cb4eb086185836,0x852ae0b1af1aaedb0fc4428b4b24420780976ca8,,0,0,0,0.000000595575724444,0.00167147400066192,2799.09,,,Transmit
0x432cdc336ac22650812175621f4e2e433b72932aa53ce2a84686ff49afa2331e,38908876,1764607099,2025-12-01 16:38:19,0x58f7b80be97d031bd1067a2acdcf3ce100790019,0x852ae0b1af1aaedb0fc4428b4b24420780976ca8,,0,0,0,0.000000681650421112,0.0019130412971291,2799.09,,,Transmit
0x3bf3051c264add11c9d3a587e74148eb84b3016fd6afa36a072d8002b074936d,38908891,1764607129,2025-12-01 16:38:49,0xc04a3c4abf8995da051140f552cb4eb086185836,0x852ae0b1af1aaedb0fc4428b4b24420780976ca8,,0,0,0,0.000000712097101561,0.0019984894319141,2799.09,,,Transmit
0x81d683bb982162135028bd92727e6fa590c523b1b3183cb8d69bf163036d514c,38908921,1764607189,2025-12-01 16:39:49,0xb9e44696b045ab005ea956253d8676f656eebc60,0x852ae0b1af1aaedb0fc4428b4b24420780976ca8,,0,0,0,0.000000598036518373,0.001678380180522,2799.09,,,Transmit
0x9e1a31067f44220b9db407737fdd38a482988fe55de6dee1581c5efcc888d920,38908981,1764607309,2025-12-01 16:41:49,0x58f7b80be97d031bd1067a2acdcf3ce100790019,0x852ae0b1af1aaedb0fc4428b4b24420780976ca8,,0,0,0,0.000000698667047832,0.00196079819515916,2799.09,,,Transmit
0x32131cd45947bf021db754432cad0d8b75eb65ab5471990d32bb02b68e6ae8ba,38909026,1764607399,2025-12-01 16:43:19,0x58f7b80be97d031bd1067a2acdcf3ce100790019,0x852ae0b1af1aaedb0fc4428b4b24420780976ca8,,0,0,0,0.000000610632294843,0.00171373003113488,2799.09,,,Transmit
0xc05e2ec598c55f1b6000293495967f3d3afff80d1b6f782a15899d9e28386fda,38909041,1764607429,2025-12-01 16:43:49,0xabfa05c981f49f8d42d9a3361d53924df2c64966,0x852ae0b1af1aaedb0fc4428b4b24420780976ca8,,0,0,0,0.000000576773725981,0.001618706484624,2799.09,,,Transmit
0x89a3669541043315216b7e5f1edbacc9bd72fbf5591a08e1a577587ef26e209d,38909086,1764607519,2025-12-01 16:45:19,0xd6f8632e7cdca416cd64f3ac4f286887165e1d74,0x852ae0b1af1aaedb0fc4428b4b24420780976ca8,,0,0,0,0.000000518094408533,0.00145402389353539,2799.09,,,Transmit
0xa4b948dc9f6ec33c7887befe679fb0f94f2ade58ef2eb76afb65004bd253bfd7,38909116,1764607579,2025-12-01 16:46:19,0x02e9137940be6803d333eb1451c3834c96ca9c2d,0x852ae0b1af1aaedb0fc4428b4b24420780976ca8,,0,0,0,0.000000485587041376,0.00136279247357847,2799.09,,,Transmit
0xa083d14d8f83980a9cbc553a53325bdefc33ad6484ce8780d1bef8ce56497f2f,38909146,1764607639,2025-12-01 16:47:19,0xb9e44696b045ab005ea956253d8676f656eebc60,0x852ae0b1af1aaedb0fc4428b4b24420780976ca8,,0,0,0,0.000000489392396364,0.00137347214312287,2799.09,,,Transmit
0xbcb85577085bf7be741ebcc880e48525fbecbf94e075381f7452e626c0a6f5ff,38909192,1764607731,2025-12-01 16:48:51,0xabfa05c981f49f8d42d9a3361d53924df2c64966,0x852ae0b1af1aaedb0fc4428b4b24420780976ca8,,0,0,0,0.0000004714871474,0.00132322134059622,2799.09,,,Transmit
0x6e1cfc27426ad6edf7354f5d3c586dcf915c239f7d3c69a2bbc1557f477dd948,38909221,1764607789,2025-12-01 16:49:49,0x371dfbc7575012bb28d3709a8918a47464b1b7dc,0x852ae0b1af1aaedb0fc4428b4b24420780976ca8,,0,0,0,0.000000507917358722,0.0014254621616441,2799.09,,,Transmit
0x315a39988839643f59c97b75e8f0fbceffb2f33497189374eace179f14a63bd9,38909251,1764607849,2025-12-01 16:50:49,0x58f7b80be97d031bd1067a2acdcf3ce100790019,0x852ae0b1af1aaedb0fc4428b4b24420780976ca8,,0,0,0,0.000000415150480678,0.00116511336230733,2799.09,,,Transmit
0x6c552a92782786b81d0adec155d26e77af30fa0a01b885508f218254360d918c,38909311,1764607969,2025-12-01 16:52:49,0x02e9137940be6803d333eb1451c3834c96ca9c2d,0x852ae0b1af1aaedb0fc4428b4b24420780976ca8,,0,0,0,0.000000386527193946,0.00108478255360842,2799.09,,,Transmit
0xbd15d23db3a6e3e29a6eeb2ce1159e68f6af69d0b638c44030199d6e86da150d,38909341,1764608029,2025-12-01 16:53:49,0xc04a3c4abf8995da051140f552cb4eb086185836,0x852ae0b1af1aaedb0fc4428b4b24420780976ca8,,0,0,0,0.000000388243499431,0.0010895993382382,2799.09,,,Transmit
0xd414c3711a727c6daf898e94ef3e6688f3647ba5a74aa68b5cce614f43275671,38909566,1764608479,2025-12-01 17:01:19,0xd6f8632e7cdca416cd64f3ac4f286887165e1d74,0x852ae0b1af1aaedb0fc4428b4b24420780976ca8,,0,0,0,0.000000539829072788,0.00151502189047232,2799.09,,,Transmit
0x096a8442cbe7e94932c4a17ec7d7d2cb020ebfd6486af7e4517da24ee33e9cbe,38909686,1764608719,2025-12-01 17:05:19,0x34816bc1f605e0d58d46c43f1584c3a84f811e85,0x852ae0b1af1aaedb0fc4428b4b24420780976ca8,,0,0,0,0.000000683536876019,0.00191833560346339,2799.09,,,Transmit
0x62ed0d543dd8b8f1c21e0e950f4bbdbfed8674a1eda3aff070d8462672551125,38909747,1764608841,2025-12-01 17:07:21,0xc04a3c4abf8995da051140f552cb4eb086185836,0x852ae0b1af1aaedb0fc4428b4b24420780976ca8,,0,0,0,0.000000429091763187,0.0012042393546762,2799.09,,,Transmit
0x2f757a27028987c5de2952ea292546915554c6b52e2e6474ab9fef24c7bfad85,38909837,1764609021,2025-12-01 17:10:21,0xd6f8632e7cdca416cd64f3ac4f286887165e1d74,0x852ae0b1af1aaedb0fc4428b4b24420780976ca8,,0,0,0,0.000000405498767356,0.00113802597909569,2799.09,,,Transmit
0x885501147a3bf1a925810b3ecc165e6083a7155553b4d3f88de33c70e7b75d2d,38909852,1764609051,2025-12-01 17:10:51,0x34816bc1f605e0d58d46c43f1584c3a84f811e85,0x852ae0b1af1aaedb0fc4428b4b24420780976ca8,,0,0,0,0.000000590479011649,0.00165717015553183,2799.09,,,Transmit
0xf115b6068f8c60774f16d5962b1a2f124756f1de9c9810666a091d9c90d8a964,38909957,1764609261,2025-12-01 17:14:21,0x34816bc1f605e0d58d46c43f1584c3a84f811e85,0x852ae0b1af1aaedb0fc4428b4b24420780976ca8,,0,0,0,0.000000615627559147,0.00172774916265399,2799.09,,,Transmit
0x58c9719eed5e5b21eb9b63fe528870f9b13d186ed186db7abb8a8f7447418402,38909987,1764609321,2025-12-01 17:15:21,0x58f7b80be97d031bd1067a2acdcf3ce100790019,0x852ae0b1af1aaedb0fc4428b4b24420780976ca8,,0,0,0,0.000000306127342213,0.000859141621123738,2799.09,,,Transmit