transmit_tx,transmit_block,sprayed_in_block,sprayed_in_block_count,exec_b0_count,exec_b1_count,exec_b2_count,has_gatepass_within_2blocks,gatepass_block,gatepass_tx,gatepass_fee_eth,total_exec_b0_b2
0x8c01a9a6ebefdd7a70ef0716b946cca8a96a62baa9a7afc326ec272ec50305c8,38805981,0,0,0,1,0,1,38805982,0xc9489fca43e941aaa85206bdab70b8a77a62f80a98f4ea36e0170e0d3e5b3606,0.000001241868346098,1
0x308499077b931f8be058e42aef929d222fbcb3b44271bf6fa75baae9ab067fed,38806266,0,0,0,1,0,1,38806267,0xfef4b9e79f0540ab7e3f08f0b63703649e3897d07b6b9cbbbd37a97b5cc66998,0.000001242757454429,1
0xf3a52a8bee7b0d413e2c3ea3043d7589a57ba67bf7727d21ef5507f1683467e2,38806521,1,1,1,0,1,0,,,,2
0xc699498d0c4750bbe440f16157948128119b28f89408066edd6b3bee950c22e6,38806837,1,1,1,0,1,0,,,,2
0x8ae0cfd740fd1d82f250dbdc245874b2825d4437bc66fd416cfbcf213b7abaff,38807452,0,0,0,1,0,0,,,,1
0xfa73a5155639d4ef8da703646cfcf9e529b0b41c60058488375a86038df83101,38807677,0,0,0,0,0,0,,,,0
0xfa82bd16c19c0630e7fd7efb081c751d8e2679c3b7d1ec95fe024fc5e52e2bf3,38807797,1,1,1,0,1,1,38807799,0x65c7417619366c1acc1a390a0b3d480490ded1d10647f366ea64790f9c33cfaa,0.000001239630431806,2
0xbcdb19616c4e9ce0191483e557e6836cd32e1c85f1791d2501b87e8594c1627e,38808412,0,0,0,1,0,1,38808413,0x4e0e4c97b623ecdcc0d2a1b1a856aad5a2c24c768711f27b652b9dcb895d2ae8,0.000001242635236087,1
0x77171f089bf25fd6731d16bb43c0bbcc3d20babc473baacfbe23cc33218fa110,38809013,1,1,1,0,1,1,38809015,0xc5e444de2c7a142b2ef58b8fda9b814d4789f8578398b47fd98cdebe32e65995,0.000001244740036528,2
0xbee5fe87a3ecb41aa18c9b7da5338d5e61a9e4acde9b86ba0de8be5d65348753,38809268,1,1,1,0,1,0,,,,2
0x3a2c64b6b61bdc80093133c01ae387ab71a59be9c751e7f36e9f1eb8f86579c7,38809644,0,0,0,1,0,1,38809645,0x9096c2704aa73200af9b038a916b2943fe257395656ff5b9c697cf9a903b44c8,0.000001239661078823,1
0x92a7e7dce4e19f6c7b579d6606fd8dcb7d9e5ff480f367531187c6a0c2458eb0,38810259,0,0,0,0,1,0,,,,1
0x02a4160dca4262616d21ebe3e4bdd7a2bbee6b924a54f79e6f7602112fdf5dba,38810874,0,0,0,1,0,1,38810875,0x3a7ce0900497b88acefc0cab17e70809d5cc7674d8f0d327d4b99b5f96b8cfcd,0.000001239424210246,1
0xd30ce0a5b8477ef35925cd21c5e4e71dce3341123084665982d5d61fda5ca7c0,38811099,0,0,0,1,0,1,38811100,0xa55141ad97022efc5bac50e20071c6b4c728394f04692928c8c16d52840fb4e0,0.000001240028438593,1
0xcf772077471f35803912535bdcd8db282722b71ee690c25fb72ede967b833b08,38811294,0,0,0,1,0,0,,,,1
0x88ab90675e35269af4bff3036b52b0c89af32b9acbdc3a698c04d94955b73c2a,38811910,1,1,1,0,0,0,,,,1
0x2ed4c3356d416e37fa004eaa8de7166158e240fffcaa7c3217f603966ff944a5,38812495,1,1,1,0,1,1,38812497,0x2dd3005369aad3a9d6bee77911cdb02e0969414e8de7d58809609bc79e5be332,0.000001239942749673,2
0x4ffffdef82110fd145ebd37dfc48f7bc5c9fda8ddb5e89161e45495cdd987264,38812690,0,0,0,1,0,0,,,,1
0xf35debf13a0c3bcb2f851430c64ae537ec40c7666e145cb158adc6d0b9dc0513,38813290,0,0,0,1,0,1,38813291,0xaf572d7ecebb4fd60605df0323be4bf6b158af5245ff9550913b434d26c6aaab,0.000001241314287514,1
0xad4ef3699b43107e5f47399a78d1ede2d73f95e99f9be28fb15116324bb62f3a,38813546,0,0,0,1,0,0,,,,1
0x74d8ca6634588e1ac672d7a697d4b2bb96d39d0889126da4cf4d5bc9063806f3,38814161,0,0,0,1,0,0,,,,1
0xbd843207dc3c6ba19a47ed5aa70977d66dc43b512d02f0312b85ee0fa770b4a3,38814371,0,0,0,1,0,0,,,,1
0x8aab656e806f366642d56b435cc24990a1a526fcbf95870480ab5bae891aa710,38814581,1,1,1,0,1,1,38814583,0x72ddaf0de4111606f59e6aef44a307f953abc83fd41831ea11f2ce6ffb711afa,0.000001241601916409,2
0x8c4fec4d120077c87592e1279e72639dca64b752cd18374d1b90928b5a4eb5bf,38814926,0,0,0,1,0,1,38814927,0xbf1bf41017495a1d78fc23fc7c7f6f14160720397f8e7ab4399b941a80833f2c,0.000001239592119527,1
0xb94f0c301783cfbd0d0477b1eeb94c3646066ffe4e6ec86687e4454b128fb56a,38815542,0,0,0,1,0,0,,,,1
0x659b7ebdd8e183e33438f6d165d510e0fc62be15ce78b324b37ff9e11d2cb760,38815737,0,0,0,1,0,0,,,,1
0xbfb78560e39bf340fe6074143a6e96ce1383df89e6e0a4f85776ada33d1d4352,38815932,0,0,0,1,0,1,38815933,0x1f7361bb518b30c3748fb23eb201e724e5e162e2dde738aa93a6c89a8afeead8,0.000001243765452753,1
0xe3b50029dc27965b42a2c12a8b5c95e1d6ddfe21462f5c1cd3e64b80c4afc7f6,38816548,0,0,0,1,0,0,,,,1
0x14c5a580e76be1c3f61c6f4e1b29454c6913c632ad36a8f2c6df9557d63fb0ac,38816803,0,0,0,1,0,0,,,,1
0x7547d78220971a6e3ebc79f9ce59e7b5ed12bec8727fc75a8adeb59488dcb81c,38817088,0,0,0,1,0,1,38817089,0x85b1d961e413c18ab41130d5e7b910d0bb65087b7edaa569f13ad88076f8ab3a,0.000001242450740309,1
0xb9f8d0986d7639a27fb73967c049f6b31b8ec8e12831166f37543eb1fa681e60,38817463,0,0,0,1,0,0,,,,1
0xb718ba58473b1fb62cd6f4bf08b90fb05cdd7e634e2908c1edc627cc47dc1307,38818064,0,0,0,1,0,1,38818065,0xe5b96e836ed35fc27aebcbbe7f8bb5cbc1029123a71e01d8b3a86660778a8661,0.000001239962767847,1
0xaad7321d47e4eceb031abb519db7a6a679bb3b8f79f8b4b99223c51fce80b6c1,38818679,0,0,0,1,0,0,,,,1
0xe4887c4a6978a8e4a286874a0146354ef00d28619c5db70a7dad0863e66bb52d,38819294,0,0,0,1,0,1,38819295,0xaf24fc5151e7f908fdcd42af81f079372e08021b01b25b940f510e4e495d0d41,0.000001249102870074,1
0x1239bb8377f557e136e74847a2ad65aef15fcb30142d338b64f51297e8749430,38819895,1,1,1,0,1,0,,,,2
0xead6a1ba2bb8415f097802852752336134b9c96646548933903e0fd8d392acf1,38820015,1,1,1,0,0,0,,,,1
0x1e2187c92c66340f13ef79d4e779f7c43d333322e2468b71a9041c1243d26a8f,38820045,1,1,1,0,1,0,,,,2
0x325b29c51aac1b463007618c146cf57efb6d24c912f9f30b2e69c9f2a2c77ba9,38820210,0,0,0,1,0,0,,,,1
0x61d69b5c865ecfd51caeacb8b72c16174a6d98881a51a739074c1a68d3925758,38820270,1,1,1,0,0,0,,,,1
0x6f70c4731477b817005e005c37d9bfab9eba65144aad38dbb0616918678f2aad,38820645,0,0,0,1,0,1,38820646,0x65f7ef2414add9badbcd287c1d17437f132c75a3c664c0cdbc97c3affef7e2f9,0.00000125236104118,1
0x2ed3886c9f0a493e11637fb0530aa28b759ba996b40878ebcba3821a3372263d,38820916,0,0,0,1,0,0,,,,1
0xe29ec4c402125346bbadedb48a1966b0c84be9546ae2646b74b20264d1275ce2,38821216,1,1,1,0,0,0,,,,1
0x8863182a2d11f571e3f3085f4b02aa6ed2928674a3c3cac2177bf3e59c8c9782,38821831,0,0,0,0,1,1,38821833,0xe1500e4f0a01ce80508f9806e4e37cd8558bedc89dd5b2817c870924c15ab93a,0.000001254447575377,1
0x2184c9a49b2ee5f7e25991be78e2e3844fcc57d6615d9a222a3fc7a9f564af4c,38821951,0,0,0,1,0,0,,,,1
0x861da29c7b4785023e2534ae92c930b485d2aaad428783f092cf767517e7b203,38822102,0,0,0,1,0,1,38822103,0x47a303eb6b828901d693f17bc983a4d737c8a888495e4f1ef0d7bfe6dabbe495,0.000001254538527342,1
0x11c1619d369b374b84cdf42905b41241933b601dd1ea34303b1784af5abbaaba,38822162,1,1,1,0,0,1,38822162,0x22abc38dee97807b84e9fd6ac51822dccaaf5e0101dbd7dbc6aaf5ab96649870,0.000001253740490189,1
0xb8f076b9d81e65560e34d5825fae17b9704bd020d768c36b9ee19474dd3a3caf,38822777,0,0,0,0,0,0,,,,0
0x3ef80cc652d2a6f78a82da5bb8211f3d50eb01f3e860355c6500c5442e70f51c,38822927,0,0,0,1,0,0,,,,1
0x396ed40f485ee200bb4a0bd20f18a1d0c15923f04ef4edeec16115a7d78f8c81,38823362,1,1,1,0,1,1,38823364,0xdc8b5aa379514385e11ef19f6e5e8631c2579914471b9bdeb01c7571ed7be65e,0.00000124249565298,2
0xa9f258760cd581192c0a5473e9fa429829316c869fd2458efd3faec14e762689,38823482,0,0,0,1,0,1,38823483,0xe3b7a6e213cabfd5b2f5b4acbfa8ec909dbb3ba227ff093924adfcd14f91f5c9,0.000001244852404202,1
0xf322afea736b777bd58408ce4f5e703710b9891bfcb82941d6adec5287e6a1d2,38823617,0,0,0,1,0,1,38823618,0x0d32b74eba46e6b1b2a92df83679ea71296065ae4c3e8effeb0705ac48b5e1b1,0.000001248011628326,1
0xad1d30de02abb6523ec3a6a93595deecebfef0a2a9d07a34503ea050e6420f51,38824143,1,1,1,0,0,1,38824143,0x92b38fa88e09f676918f86dac97efef6dd99899584e57436c2a040db89a3c207,0.000001242559715693,1
0x430a33826146248ac6835a746ecb5d06dec00d8d4df71596a9695b993bc8fddc,38824248,1,1,1,0,0,0,,,,1
0xdd7307f19024ed2fd89b20cc4bdda8e0cd68a8bd7a294470f6093e1f96352cd5,38824593,0,0,0,1,0,1,38824594,0x0f630fcaae247f6fe1b73bf99fbd5d9c21703924661277e949fabb7d0a3645ab,0.000001271308809054,1
0xcae404318abb24483e33b1c0a92f522db2b04459968a0cc71e6c77b812768889,38825013,0,0,0,1,0,1,38825014,0x45b0f67ec5f0e364a7d5120dd1b5ab3a419ba1ea684668aa8efd5aecf91f395f,0.000001289139732167,1
0x9fe79e96b4d50a13cc4c0ae103100b84b1aed04df2daa70410e1fe4ac4bb8314,38825058,1,1,1,0,0,0,,,,1
0xdde5b7f090fcf03459fcafd35f7c7e5755ca41e390f64a0df699cc2e2c66ff8c,38825088,1,1,1,0,1,1,38825090,0x7a12cdf2e2ba387b04f0ac718474db8b3a9a19c5359d586d915b69792f3fe618,0.000001293119754861,2
0x394bc50ae9da696efc590369dee6904009ab495b8ee956d6cd07222ace440374,38825133,0,0,0,0,1,0,,,,1
0x0eb981c222cc0b91523e8e7b9db3c1c5612a696577810a9fbde340849c89a7b5,38825328,1,1,1,0,1,1,38825330,0xc2335e26c4c3637ff9895d1c8cddda3e9c08a83baa539e1662bad586c4a73f3e,0.000001281264993252,2
0xd791734fe1be0f904578c93900a16ccd6b2aa4fcaf597134aa140c0f98508075,38825374,0,0,0,1,0,0,,,,1
0x3d85915a78d5fcfbba80edf24eb69c81711b112d860c322224948c6200f68e1e,38825403,1,1,1,0,1,0,,,,2
0xc515242a73ef6a2363c56f5aa8377888e5fc4785019c5805415fa90891d8f641,38825448,1,1,1,0,0,0,,,,1
0xd08248533b0df09db6c99eae4b77291cd3958aabeac85ec31f85a04e88b55e98,38825509,0,0,0,1,0,1,38825510,0xff28d1ebd9096c78e86e8834f467b8a1e23c32521e2642536240dbc10d193a2e,0.000001291121611081,1
0x94861a9d46665706caac600816bcb14329cfff5583d3f8142ebfa2c3a48a8d38,38825539,0,0,0,1,0,0,,,,1
0xf23b1089a013f85fb8201d8113396beec9447f300ba113ccbb9d15ba0342b56b,38825779,0,0,0,1,0,1,38825780,0xda0b95548e2926ca33e1279464fb51c35d2757712d3be176c6413666ef4086c8,0.000001499485705826,1
0x66c81f027c4a3f9875046ec2cea316119a9f7d5d21c37cca277dd707fbbaf5a5,38825944,0,0,0,0,1,0,,,,1
0x901a74669e85fd197312eae1a530ade21bc9339f497be247da508457787b0fa6,38826034,0,0,0,1,0,0,,,,1
0x6fc4f9b8a78bd55172e47c5d5c4cfd90eb62bc3b707027c3144184cc7d931ec3,38826274,0,0,0,1,0,0,,,,1
0xac7cf0c4d13a77bddcfe959f313682c8a761b28a492abfc7be45c623a09acad4,38826875,1,1,1,0,1,0,,,,2
0x145026ffffcd460d3c722e0e9d5c0006ff8d2b9233e882b2b4ecf3ac74732324,38826920,1,1,1,0,1,0,,,,2
0xe9bfa683b8c209ea2e2208fd6d47c4d981c990c6257966dd4fcad8acc6292e25,38827536,0,0,0,1,0,0,,,,1
0xfb14cadb6aed63d2666c91289f0b9ab601dc69ce7435ec2fdbed039d0b262375,38827745,0,0,0,1,0,1,38827746,0x835f827345189af737ca7eca0c85cc4c3bda77929205c12a235fc98f492af4f5,0.000001240463218212,1
0x8f0b3d124a025b66da0c8e9202723786a3d9cb5d75227a3de4497342752898b3,38828210,1,1,1,0,1,1,38828212,0x5e632c1766a7b030155b2355bb69f82037071eb4743e00bba19cc551b672e525,0.000001239721483078,2
0xf47f9eacfc55813a44535672c34d8833da9f149225f1e3bab928b6829699ffad,38828631,0,0,0,1,0,1,38828632,0x55c3bf225422aea056951a5511a07b882ce203f4412ab2cbd16a70b0bf0fa993,0.000001239743496759,1
0xa5941d76fafc909b81b4ab6378413310c7c452c0278ab9c80ea23ffdadcf292b,38829246,1,1,1,0,0,0,,,,1
0x774d211fc69cc273ed5e5b78fce6dc6a94d752e23f85bd11c7b01f78833892aa,38829456,0,0,0,1,0,0,,,,1
0x425da7205afc6abce04b6821516b80a6bba5ed8a458ee478effa9f7386cb4b82,38829877,1,1,1,0,1,0,,,,2
0xd207efc2194b8aa312151e73db5488066753f7c818578d0079cbedabdcd54715,38830042,1,1,1,0,1,0,,,,2
0x9e9447b1b6fb5a46601a5fc3076cc6a1f3adb6eadf44b2229635700bd3eb79ec,38830252,0,0,0,1,0,0,,,,1
0xfb1c492c2bab1e532dbe9a94e40aafc8c72bc816faf91c7ee0e95628657756cd,38830417,0,0,0,0,0,0,,,,0
0x0c70021020deebbe91b7d9a2201a139e62cbd876b096cd79118acaa29a740431,38831032,0,0,0,0,0,0,,,,0
0xddffe079312a3ce92243a7f614e2439bc71f43b775a6fe0080beb67b4fb21064,38831633,1,1,1,0,1,0,,,,2
0x768d568f6e8b438a88f6b39f8f6f70ba675bc05f2fc698bca85aa331e8f47f13,38832188,1,1,1,0,0,0,,,,1
0x75a25b29dc065b80dea6b4c94bb9ecaf17e2355f862456ac466525cc19644bf1,38832534,1,1,1,0,1,1,38832536,0xd0df7ac31feb2dedd3966f2013fe8e980b3bff87e3fe5a5288187c1125881347,0.000001245418941689,2
0xb4847609021313e290e37424c074d14c66c8e2f9f231da01d87e317971fdbbef,38832924,0,0,0,1,0,1,38832925,0xe496fed1d210968d806b898bf5da6dd6393a52b651fd3ce0da35743fd9dd2f77,0.000001244724312431,1
0x19bbf3bd284f2f5acb81608e50664e473ea7a85a6635825ebf78056292788423,38833224,1,1,1,0,1,0,,,,2
0x9253674c0bad7d28051b069bccf50cfa6120e444303419ca895dccfa2ad1159d,38833509,0,0,0,1,0,0,,,,1
0x7044a43c1d119ba35f6d112a1329ecd8fdc18c49985591078c5eb329dc2cfc19,38833555,1,1,1,0,1,1,38833555,0x71045e3871ce23552e9041672e8fc46105dad10cf8f098cedb81a94ee5e9cd0d,0.000001242911859825,2
0x20656a4003f515f7eb98b9e66c70d476dc5062755626b3b4b92193a78519b95f,38834170,0,0,0,1,0,1,38834171,0xd719b3db87125c5abff727c249ccbb784edd1a48856acdfb264b93e5cc04ef00,0.000001240247878131,1
0x0c36814a2906ecd662b65398402125dbc3ffd94d69bf087b1389a004d7ff1328,38834650,1,1,1,0,0,0,,,,1
0x06064dc4d3ca21af937c996423b8dc3ab0c4c97ceb0efd2aceb085b66289eee4,38835266,1,1,1,0,0,0,,,,1
0x84f11773f8308e5ee8d0f1a4c087d61e1937d2659cb44ce41ba5a507d1a9fea6,38835431,0,0,0,1,0,1,38835432,0xc20dea088c9f559f5c2f140fe7bbe5fc3cc2e1b4a859d319e9c3c2c8e7566422,0.000001238376826331,1
0x6b1a12a98db07d83e7db376be0f9caaadfb2a8e154e7503045721ec4d29ee29a,38835881,1,1,1,0,1,0,,,,2
0x8ab52cfe718f49324d8bd95db3814911a3ad5fce3f1177598b9420f555146f4f,38836272,0,0,0,1,0,0,,,,1
0xba0dffca2951eb889679aa40e12e6aec3c82e2ffa826ab2948840e0935f85759,38836467,0,0,0,1,0,1,38836468,0xc1b7509de420d0c30d679902510b647eac2659b81144036636f3cfccd3b9c620,0.000001241501219049,1
0x4338a626a57846efbed5a351ad52c624b1f50dab4790fb3e5c97bc49f7f3d44f,38837082,0,0,0,1,0,0,,,,1
0xf0d75852298e2b66e470858a808e17ce5b2844cecc34148be29f286e308d3aa6,38837698,1,1,1,0,0,0,,,,1
0xddf325fbdcb5c2fc895529456ea8e66500ab76898f2b7fe515313d2f6dac9f1e,38838313,0,0,0,1,0,1,38838314,0xfac560cfe7dc6cb04563a70d6bb1542719f5b890787f4bba9cf81b7dd40c38c8,0.000001241927856536,1
0xcc6e1a0b42aff11444c6fa2ed2a0d3da4b5183b92564a245a55e05db1d8d57e9,38889895,0,0,0,1,0,1,38889896,0x59f043514f4a0f8c1331306678ecc1a4deff65e12901b4b80404cfe21bb38221,0.000001283307757552,1
0x95a8654a56c881926468ecb65c87a605fe9bf6ecba3bce6eaa63761a34f92755,38889970,0,0,0,1,0,0,,,,1
0x849bb16f8e46d3e7971c8fc92c1020fa78772775b472f41ad162572adcc3b0cf,38890105,1,1,1,0,0,0,,,,1
0x57dd8f625fcc55aeed365f04f180ad69fd1d8d761f3e48ffe68dfda664f7221e,38890330,1,1,1,0,1,1,38890332,0x56ff2dd0ac906e5ee3e63e7cad53a55fd08dbfc4a4937726395e0645257089bc,0.00000126987164195,2
0xc8a441f5369233d0f83df5e62156c24b2c8d82463bb708c7e26d1824851c096c,38890871,1,1,1,0,0,0,,,,1
0xf8821d289dcfabb31e29cc58e3348518e29ee2f5757a7fa1a193a05456588ac5,38891081,0,0,0,1,0,0,,,,1
0x565e8a20b5c6f3dfa3a4c6ede5632e42915421e09d035e87ca0658bfcdc7ae05,38891291,1,1,1,0,1,1,38891293,0x85bc51a0cd1b9db0e6e70f1396904613b657b119aa757720d5be4c13301a16d3,0.000001264439617281,2
0x3a53df14f36e041c9bd4a06685c3ca5856e4b0ac7db0a43e67844edfee398cfb,38891420,1,1,1,0,1,0,,,,2
0xd3a007a32602957521c9168b41af9b749948ac84aa943b09e9a0c59c4917326d,38891585,1,1,1,0,0,1,38891585,0x1cd443e8307b6e020253c819d0bac5b0b6e693ce1f78924e0a5ff4329a5623d2,0.000001250755888842,1
0x132a512cc337b8c7a48c22ff6200a5d26fc631174adba9d0aaee46291a1fd08a,38891750,1,1,1,0,0,1,38891750,0x9efed09b19ee0bd113f3ef9f24b9b0b4156b0d263d7f7c6ccb9e3103ea31ccfa,0.000001257722667845,1
0xb63f0bc85f1cd34088d775fce019338079693024eabae014e5c729defa53f6ab,38891975,0,0,0,1,0,0,,,,1
0xd58bc0a865a41f1ce2e9394e5744f438024eb8f4a5493f00c07f0018db39495c,38892020,0,0,0,1,0,1,38892021,0xc391fea3545791a2c45897a1ee2c92e7edec309f839c1040ff875cf8f45472d3,0.000001341975398032,1
0xb19e48357ed0b251874992c000f0dc0f19f50997d7bd2ed9a2c0a287f61772ec,38892290,0,0,0,1,0,0,,,,1
0x68d898406ee757e7de8360b0dfb45b222f21cd727649fa33222e65fed5a89832,38892576,0,0,0,0,1,0,,,,1
0xad069a12efa1b26a4a55abc1bfbf47024ddd9c80f64b06c956c6940594d5758e,38892696,0,0,0,1,0,0,,,,1
0xd6d450c2b729bdbbe56addd577f1218aac04b9efbc99f4d8f47390a08864e7a3,38892741,0,0,0,0,1,1,38892743,0x63e19b82f7916b495cf33507dbf24f0195ff239f23bf3b75595c6c37b4bb0ae0,0.00000150762607324,1
0x5b3a227d935ea5b92d5380a3958b53685fc29e04c3bd60b544515ac923d66aa7,38892786,1,1,1,0,0,0,,,,1
0x379fd50bea9809341b2c93c70753efbca05f1de58a250596fab78856359489b7,38892921,1,1,1,0,1,0,,,,2
0x01e38805caf09b6035b41158102935b41518a8f8c2d3567701a7858aeb38944c,38893461,0,0,0,0,1,1,38893463,0x600e81b0803e5cf5b06b456f9b28ddf685f5887935554b07560fc819b40a9136,0.000001271770770341,1
0x2a5d4ab35b358412877fedddc0a9e6a1f0be3c66a6c73a6f552f06181da2cd1c,38893551,0,0,0,0,0,0,,,,0
0x346af386eb58c2c4970b8a16321430512a459a323bb53c5f455e2e9edcb12d2f,38893686,1,1,1,0,0,1,38893686,0x98cec96e829f33be1a098c6e91b5baec7dcbf45d8cdf24853614faa6f73c680a,0.000001267299759192,1
0x928977eb3b951c44e4567f530cce8f8678aac18ce5a68bba1fda1dd3328036a6,38893867,1,1,1,0,1,0,,,,2
0x707194040db8e0976413fd8437c05e748001c5d14d7c393f7db2dc5f6da9176b,38894422,1,1,1,0,1,0,,,,2
0x0742ed66a60a3a03e4f372aa765228d15d8d5162d7c4f9ec6dc380c1fa15fbe1,38894662,0,0,0,1,0,0,,,,1
0x4fbeb9a52959f33388524a8903df45e7cbb00efcd16eeea8238ac81f6d7ed87b,38895114,0,0,0,1,0,0,,,,1
0x09168a70a89612a4a42238a72c0a9356d780eff4a077b8e3e8f3d4e7ff0cfaa7,38895338,0,0,0,1,0,1,38895339,0xa9f405f3aa83af7d890c6767a1007712d8657800d1d7040c751b2a66cdb0ed50,0.000001393110964978,1
0x573751d1ac19e316689bc7eba67772c521b0a5ce38ed7f1970b7c4f7d6549a36,38895443,1,1,1,0,1,1,38895445,0x677d22f6b65ba59018a7d10cb2aa17a6a602e0032a6a6f657fb839106a79fb68,0.000001369255689682,2
0xd8454f4da4f5eac0a9235014a4aa1a0cfac0d8aed6ae6de3bc62010c9b435062,38895803,1,1,1,0,1,0,,,,2
0x4801ccfc3e5b1c17803fc7b63cc81a6d763cec03655d93387665bb6ab9dbbccf,38895893,1,1,1,0,1,1,38895895,0xa0b1349e67a1706ebd8ab40fa441867eff6b46b8f06e383aab1ab94ac44ea893,0.000001275358398789,2
0x2cdd03a3acad806ec2f93602e8b90c4cd98659c26701b969bd78fe82a55f34c0,38895938,0,0,0,1,0,1,38895939,0xae475a15f720a1505e03789513845556c6f669d13f481c047869fd87eb8c9be4,0.00000126984076366,1
0x7a752d5b3abbfadbf652abf93eadd87c0e11cef71069cffb67c51a4a6015465c,38896148,0,0,0,0,1,0,,,,1
0xb00e5af72f2f66eb3b31ef37aaeec6bef027c9bb070b828613d838c321c31dd0,38896403,1,1,1,0,0,0,,,,1
0x59dcc76e3f785ef6bfcd6921d8464d25f7e9c3185822087773484654edc36993,38896493,1,1,1,0,1,0,,,,2
0x9721587962d123cfcca5f9e2bc6c8c9bd53098766115d40744cafe89351f7de2,38896554,0,0,0,1,0,1,38896555,0xb2fa240b616aeed5337f641e880d3ea9df4abd178e1db3cbfd3baa5aac4250b9,0.000001256400603319,1
0xf3ceee1eac731aafb65e52bbcd39a134feea0c40dcd98b26b84ed8486eaf83b8,38897169,0,0,0,1,0,0,,,,1
0x24157999fca5adb5cb1dec35c13d36cfe590d21a3a0970ed5feb760f55f5ae90,38897379,0,0,0,0,1,1,38897381,0xa0b4a5a586e1cad6f05bdb579009dff53335c781351f9f8952606dd6c0669d4c,0.000001242891234411,1
0x1a0be9face7a04628b757d012819924d9d193f4e1069ba74380a776cffca38d7,38897484,0,0,0,1,0,1,38897485,0xf2c3964a49ff253a040522af5b99f284dc1f71ab0ff9406ec632527054b16a9e,0.00000124348616605,1
0xce00d2101ce3b9afacecf0ec459bebc2ad39283325c8ef71c85be49d193b1ac6,38898100,1,1,1,0,0,0,,,,1
0xefaf6b5add46556739cd7a2e130b29749997365fe2925b00bb58f628fb0e9b75,38898715,0,0,0,1,0,0,,,,1
0x7c8d38fb512565066e094f3d74649fdf9fe1546a650b244675ba1f4229a5c5d0,38898895,1,1,1,0,1,1,38898895,0xe15aecdadea8d7c3b60905c767dee386b42e57e4641f47f9e0540ac0344da40f,0.000001251250047912,2
0x53515fdeb74ba013b081a2ab74155ba1d683addff98823bba560d4a762c72904,38899450,0,0,0,1,0,1,38899451,0x0c11c1d89f93b4acbfe7937a1e9c19f01f43f248c87a9afbccfb441cf2619a26,0.000001252657170105,1
0x1544e1aaeb1da77c99d8d13f839ed3be118cc5399c6f549493fbfbf7a0951abd,38900006,1,1,1,0,1,1,38900008,0x85592b211214dfa64c6f45d86e509d66ae5a3e729cd17ddefcea68f7f5be755f,0.000001256764850111,2
0x6d2bb9560eb9029e2484e9ba0785acbfa27ce97a48600d26376e41d4eb46499a,38900501,1,1,1,0,0,1,38900501,0x42a404158be931bea96d73635b607af200006b7c07e6aa2eb74936e615ed7486,0.000001255145431214,1
0x7e80b14f1da66028eeb472eb34c17ff69fc0217ce74ea027a1ef41b8b5dba723,38900696,0,0,0,1,0,1,38900697,0xfc1bd0cf248549c2197b8f82ef3eae43a64627a67222f7c29b2971d40525a9d1,0.000001298242885813,1
0xcfa0879f8f29b3abb89464e7b9272e9332aa5ba6fa7622e56d358ec942a123ab,38900726,1,1,1,0,0,0,,,,1
0x0c6cc23aa0a0da0f65edfc384ee0376d7538c9238b49581b20a783a08f8633b2,38900906,1,1,1,0,1,1,38900908,0xdebe1b69b9e3d2464defdee1e2400012958f5cbd475883e4aadad93b14c6b8e4,0.000001330059774907,2
0xf65daa0621fae8a44b3d4d580610897e24410761a4165440a24a9d47275e9334,38901191,1,1,1,0,0,0,,,,1
0x72a98acb07369ac8a2101423b73341a388281b53dd435971c16f803f8e25d355,38901357,1,1,1,0,1,1,38901359,0xa3b54cc5e525219943906adc4b0b813a42e63799479b85f2f04900b540915820,0.000001268602256971,2
0xf84661bbc17938d9239bdad0bfc2b483df24836763d6da9c90f1819d65dd1754,38901491,1,1,1,0,1,1,38901493,0x199f37cb070171691c56910b4ad614f67e54c61ecf5e02e888affb54e5c4acdf,0.000001264895015576,2
0x3415f0a5225d20d41e16a0411a70d216bade5d0d62092472334d01ef5330a8b2,38901641,1,1,1,0,1,0,,,,2
0xe109322543b8e826c1bfb053dbcee1837fff1cf24090a5d7a893908e26e35fde,38901671,0,0,0,1,0,1,38901672,0xb84d10b6ad8302e61c497f489820b5a6160ba927be83f799e991df211c6cd76c,0.000001273613552143,1
0x255985ef3bd366d41d19554956f5c0e3be69967a4c6a34bdc1e6a25dbee66cfd,38901761,1,1,1,0,1,1,38901763,0xe0bbb67dadd410e47300e8b8185edd96a148f6c08774cee7c09313046bb0812e,0.000001289124117639,2
0xc918030ddd1867e858ca6cd11a83b1ecac471698ecb2796fbfac23c9f12f57fb,38901822,1,1,1,0,1,1,38901822,0x04b279d7c3cf91aaa5f3fe8cd1b8b36408dcc1885fda7637e57cc22315b83ffa,0.000001300137595388,2
0x71e599cb5566f0564cd5ec8b38b1d5f875584106356c74038bd20d712acd7312,38901837,0,0,0,1,0,1,38901838,0x49133ff000be618276ba6a1e19dec4b3eefa6d6b6f9ad418782cf18e28100a45,0.000001301364481101,1
0xe9dc7a417b3ef278c91dec42bd55ecac0e837eec9155fa9e48d0da1803f8ad98,38901897,0,0,0,0,1,0,,,,1
0xb1b09b0fa5e3b0ff4d5703f26db2da6f00755443c2c95d9de4bf214ed3b001e0,38901942,1,1,1,0,1,1,38901942,0x21a3b9e87f36b6c4ce4d9155589169978e64340cb05d9d228675bc3bad6c5f3f,0.000001327490134835,2
0xaa811c0036f53c3a6d677b785511e52c300701f00928b6132d64ad190df0d002,38902030,0,0,0,0,1,1,38902032,0xc5f37dd439bbdd755fd80f55f0335c9abd1bc2cdccfcb714406e1fa755d9d1ee,0.000001398979818383,1
0xcc191aa652680c23972c1102e46b48e4fb2428ec473da2c9de8d2a1dfb1447ce,38902109,0,0,0,0,0,0,,,,0
0xabd9f442f6c164ae9b5be3d348cbfcd8dab5552044b9f6f0b2ea118f558987bf,38902146,0,0,0,0,0,0,,,,0
0xaaaf06090432f92bdd9c62d4132d9985bf51cb09dfa43ea6738ba329724dc831,38902146,0,0,0,0,0,0,,,,0
0xdb4e4f2f96fde92fdc8a1b95cf3ba5cb9f04064955d70ca567eb19879943f6fd,38902146,0,0,0,0,0,0,,,,0
0xd0d2f0d6d4cbb048f330fa00aed81ccee4e2cc07f2ecd38eb1ee72ffa0b60ca4,38902181,0,0,0,0,0,0,,,,0
0x582ea2928706968f7607c8fddbd5af9ed7fe606b615878a9af0e490cb5604a89,38902181,0,0,0,0,0,0,,,,0
0xe87d8593efb62f9cc15190a50f69c3e2d8bd918670dab36714de68541fb803a8,38902181,0,0,0,0,0,0,,,,0
0x84ceda6c16aaaafc2f6b07565f379387841f2d098d3770b46464e6363a44ed8f,38902192,0,0,0,0,0,0,,,,0
0xbe77e78472efe606a601a54b5f8146359552c7c31772b65c3bd98fb5ed9fec3c,38902200,0,0,0,0,0,0,,,,0
0xf55aeab4bef67affc4fe093de497b3e1a33064805e66d19d8f7d57d4fa84983b,38902209,0,0,0,0,0,0,,,,0
0x737fff801b01bf40b0d7ff5482cf42f8170a0bb5694d37e0395ee5e9872235a2,38902210,0,0,0,0,0,0,,,,0
0xdafc559a13588345f7ce06eb73ec374e3b1824b875373e5262306bf9391baade,38902210,0,0,0,0,0,0,,,,0
0x2b0e3179dd5e6f3a7b0e94ffde3030e3aa14d1275bb25e03928d4f8e5908ef6e,38902210,0,0,0,0,0,0,,,,0
0x7a373377c469d0d19c25b97616688abfc2c115af92cfea35a9b984eeb6e0b191,38902219,0,0,0,0,0,0,,,,0
0x1841a8c9bfb90cb67e846130767e4fced66e55a6771752006150ff3f5edcca49,38902227,0,0,0,0,0,0,,,,0
0xa24fb32c4f117a5ce7c327dc3bc7d69e7a151d01e967bf40092508f20a4dc551,38902229,0,0,0,0,0,0,,,,0
0x0b11719ba31255c493d99a0241b4c6e95e976f152c2b1f4d36e510c745c3f647,38902242,0,0,0,0,0,0,,,,0
0x31bd161cc8ae3aa749012bb8f431d672d773e41a0ef406a52a89bbd0c42a493f,38902251,0,0,0,0,0,0,,,,0
0xbd064e19479ef30a8842a12d0da26a83516f9787b95d95bdd1634278950140a8,38902253,0,0,0,0,0,0,,,,0
0xebc8313c47e71fd2fdd09e1a9d463aef0652519eb925727196fc35d02dad0ae7,38902257,0,0,0,0,0,0,,,,0
0xcdbc2c2cd842c9c4f5d73ae49143aefc737bb807f979b143a79247a8533d94f1,38902260,0,0,0,0,0,0,,,,0
0x6843190f8d387b4d98ba855d801254bc4b218163e30cca41fcb027552482ef42,38902270,0,0,0,0,0,0,,,,0
0xbb0ea6dd650171fd122e0c8f6971c67d365e76ac3c211a728bc796c372522152,38902274,0,0,0,0,0,0,,,,0
0x32e24b352a4ee7bb08fe1f5705ca5579e394f482e20c7c7308596e4778cab1a1,38902276,0,0,0,0,0,0,,,,0
0x1326df4c4ec447811a37acd7d17be48307ca0e4303925513a42209c93745bb55,38902285,0,0,0,0,0,0,,,,0
0xe2fc535ae2a2b817afc812df354c0d918ee79e97f6b6a68c4c52be2f3b458d7a,38902293,0,0,0,0,0,0,,,,0
0x0ddfaedd6644d0ce448c4d65385915ee569b230689f3df55f3b11b3e417e481a,38902296,0,0,0,0,0,0,,,,0
0xfa14290a7a905a924f90d4f6981ab92d1edee336489df6bffc67f84f99e2403d,38902298,0,0,0,1,0,0,,,,1
0x57cbfd57db1c0ac636e063bc71d8e240704493fe2406cadd1ce83d2462cf409a,38902306,0,0,0,0,0,0,,,,0
0xd5a71b81e0ba2e6dd906d68165e497f6d5b255904ab9b58d7473825e17a13525,38902306,0,0,0,0,0,0,,,,0
0x847af6828c449accd2eee8874539b0357143d337c275c0e8c622770b33e56fbb,38902310,0,0,0,0,0,0,,,,0
0x9add500e57f1eb4c49239547e21d131d102be8c118db35b08d276ba00ba04722,38902316,0,0,0,0,0,0,,,,0
0xac4260234c8e0297d3674ee3340046786ae2eb47f793a3ae06644f5ddfaac4bb,38902324,0,0,0,0,0,0,,,,0
0x4c699fa4827f95a87d332dd7819d6bdf8b9826babb5bf7f3dee0a89394b723cf,38902325,0,0,0,0,0,0,,,,0
0x2b666ff7ff6c80b5fbbaa3516898ac8938be4e1da385e8f01db42381a164d92b,38902333,0,0,0,0,0,0,,,,0
0x9009b37649c903b060717e75f486c97b8f90088d97f4b8d788ea7efb4117cc68,38902334,0,0,0,0,0,0,,,,0
0x78a4638874c97c466d3e8d783dc018bd2dd10d84efc8e5624e2ede0c2299529a,38902338,0,0,0,0,0,0,,,,0
0xfd40ac7ff7a75724385be8a2033f5e81d1b419c68492c3dcaf9f3797ae6ed4ce,38902339,0,0,0,0,0,0,,,,0
0xfbffd0fea6d135a0ba176eb188f8e78da52434abf67f5e1bfcfed7d4b2c36877,38902339,0,0,0,0,0,0,,,,0
0xfcbfe24f9845bf62efdf2a610d630d8fe53c4b7996f8e262cdbea760e0a13418,38902348,0,0,0,1,0,0,,,,1
0x525d610921d85f4a8a97babc8b255c502e3c175abb9a0575b184037b6cd91c5a,38902393,0,0,0,0,0,0,,,,0
0x7a112d66636843dc1fe320526fdd6d574a882fb618218d4ad732bba0bdb71a55,38902428,0,0,0,0,0,0,,,,0
0x2ea4e04d2fc2e7ce4be49ab3b35a3882e69943ae933af85e0f04cc0b50311579,38902475,1,1,1,0,0,0,,,,1
0x93413b13efe9cf087732ab2e761e31a7c1643797c99ef326e4a223cb9d04d7e8,38902494,0,0,0,0,0,0,,,,0
0x9fc301589bee208c4faf5215edaea0ec37ab20f0026c0542dadd5c0a29d20004,38902526,0,0,0,0,0,0,,,,0
0xccf206d4f66402c32cb37df4442f95c981ae51e4d84e52306033d9a2183d320d,38902572,1,1,1,0,1,0,,,,2
0x3f573b2c4d5ebf3e5867aa10cea83fdd414b9d94c55b69475b9380cc16337195,38902617,1,1,1,0,1,0,,,,2
0xc24da3ce1fc5e244ccbaca0ed616407c40507b7cf157e41ddc0f0e79f480f1bd,38902647,0,0,0,1,0,1,38902648,0xee37d45e9bde88d761a9087f2f2652edacbdb995ad7c2ed3a37aa51ee3106e8d,0.000001354934260553,1
0x1e018fbe3a3b63ec1cb12c047d6f2bd8ba9e318a2dde0333433a2de771dc7fd3,38902767,1,1,1,0,1,0,,,,2
0xa3cdadbb94ddcb07e256a4ea209a7650b37075cd83a2f6c927e0e1c3672ee2f8,38902842,0,0,0,1,0,0,,,,1
0x08282ec3234a00bba113da8226a6831d80d13554c32279b4ab621f49e9afb30b,38902857,0,0,0,0,1,1,38902859,0x99818bdbe14ab54d2d202e3584837f64a683c41630b380b8632d68c04efa003f,0.00000131979301677,1
0x4044021fb4985a4a89d51be3e884df3288d809759b16f7fc19832a1509b4772d,38902992,0,0,0,1,0,1,38902993,0xc5034aaacae5d6e284592c0e0bd2dca147cdc7f0e51896dcbafcdd0f187247bc,0.000001308904366977,1
0x8e2dfb3fde133e680981a2620891d476cdd19445a6afeae478088a8ccb06c36f,38903052,1,1,1,0,1,0,,,,2
0x9a77d612c42266604fab887c8d4c3ac70651ff438f03470185e0988261f23877,38903082,0,0,0,0,1,1,38903084,0xef9f710b57307e3b420786ad0b00ba75f5438ee242239502e678d5e573a95b23,0.000001306181249139,1
0x932153861e2b10cf3085a3c8c221f857f2e86879367a39d61b5f102721c719eb,38903307,1,1,1,0,0,0,,,,1
0x288de72a2496ac8b75792e14c17236576548a528778a2982e597a25fa33caba7,38903427,1,1,1,0,1,0,,,,2
0x04bd726817e21c4a84cde09f38668beeb816dcbbfd4617d1f9d35df4d8ad0147,38903518,1,1,1,0,1,1,38903518,0xbf95d25463f6529b81240cc932399711acdf419309000fdba6c9d20fda7c90fb,0.000001312732335448,2
0x23391a9b3e93304392cfe52553845cb80b3bcb2d426edf00470a55a9c4f11e0f,38903548,0,0,0,1,0,1,38903549,0x3a5b104757ed1f48eb6fabb3f258cd09237b521288891906e19e702859074540,0.000001318052171463,1
0xc15716998b957695cd6ca3366f9e7bee413c51842654d90de5c65fabd19e73ca,38903578,1,1,1,0,1,0,,,,2
0xa097931dec65b8143f8507ca63f15af106a7ec636c28d8ea279df46d08963d57,38903893,1,1,1,0,0,0,,,,1
0x75bea44f35ce69db148a55977d8a102c3e3c4b65783ce4d9155d38b1912db66f,38903938,1,1,1,0,1,0,,,,2
0xaf3d6d915c54c34e45616c35f5a8147a797c5536718a406c40e677e5e6295371,38903998,0,0,0,1,0,1,38903999,0x2441ae7512e759817513440a67b1d5f140733dd00e57bf58936e28db65c85273,0.000001363856899345,1
0x4069ba294da54d60ce313efd8438502ab08c53f6805d795109ec5b3da29cc7be,38904088,0,0,0,0,0,0,,,,0
0x525c47544bdba820c4220c9c14c08e9e20eeef7adb096c3311cc730f12a2d17f,38904268,1,1,1,0,0,0,,,,1
0xe56423c1f2053b278223f492953f37928a7891b3892a6d124db1dc1da2e3f6ad,38904298,1,1,1,0,0,1,38904298,0x515085a15e09ce9e8203a114d9cf9c70170a52cffccf947d8659ae63419a13db,0.000001341770769959,1
0x7694876c549c1ba7854e323054fe7eed7ecbeec9d6e0d429e3f69a0adfda5d16,38904373,0,0,0,1,0,1,38904374,0xefb6c6b7a5b19ec54a9d502868ed00f246df33b2d59282d92240bf96f5c153af,0.000001332038044974,1
0x7f4ec9c96908bc84608dbd795392063d51816c1f96c07a0637fc4bc1b14e7055,38904418,0,0,0,1,0,0,,,,1
0x328fd8b34a8f8b740225b1162b4a90f0e8a0ca6936a852594d32fb1018aec29c,38904523,1,1,1,0,0,0,,,,1
0x09b8e479475dedd47a59fa2a3cebfb31c2e7d9414cef02857704d38b12dd9ee1,38904598,0,0,0,1,0,1,38904599,0x80dd82bcc98142a581335a3fc38861a2bc8e658c564b16d3df4dbc082b330191,0.000001313972008541,1
0x44d885f5c42d176a3302d2675cf960eaafc48c20a9c8562ea4f0490625813f16,38904658,0,0,0,1,0,1,38904659,0x75fc13427b393fbad8a96f81bc81ef6941f8bcd1e9050240dc2ab7c9305a828a,0.0000013028753558,1
0x972ed52dfc9a215fcb5feee5939ebc99bfe1e9b915bacbeda19a79a1e1d80371,38904733,1,1,1,0,1,0,,,,2
0x6922df8cd5264ad8f52ead2c117eea7543704bcde2eb58dc056a76446b92040f,38904958,1,1,1,0,1,0,,,,2
0x34d6a5be13d816dd4af7db4002b24372338a902274f6e74c243cac2b15af5c38,38905079,0,0,0,0,1,1,38905081,0xa081a8092c1f62c3ae86028378d45f374cf0ed134492d4acd0af098cab2f3a5c,0.000001291060633382,1
0xcda03cc2d830429f87161c6f9bc653bb2fbe1914c37bcb4209f22ae7345efd13,38905093,0,0,0,1,0,1,38905094,0x2b64d08fd6394376cf0ba002cd37bd44a3c10323294aa66e98f0c9dc8aabf7a9,0.000001309137733469,1
0xc1474931707fc4478e0ae89e513f2abd4007f5d4cb9c4a124efad8a36cbf57b6,38905124,0,0,0,1,0,0,,,,1
0x80223ec3e4c8ae097fc10c0ab2a3ea179ddb4b610ee8bb5b9ba22c3acefc0ccc,38905153,1,1,1,0,1,0,,,,2
0x77719d2f3de7dc5b4804019d89e80731b079373f3eef35a7dd9b90e0ab27ee66,38905198,1,1,1,0,1,0,,,,2
0x02eea371c7fb53448cd355a5c6d98878c221069952de5fab047140e2f0324d9e,38905228,0,0,0,1,0,0,,,,1
0x8831f07479f6c17968173396412ea3d8b132c67b85c59b6933ea9c69c7530f17,38905305,1,1,1,0,1,1,38905307,0xcf9607925f3e6ed2e010c1ca200f4e8b8e23ac8a14b3a304d8ec490f034cb734,0.000001455573337523,2
0x517386ae13c04f7b74e896faa10f1e9d25dcf6639b324ac9c9344d8f021ea75c,38905365,1,1,1,0,0,0,,,,1
0x4b415720a9576c1d42706799b92652de41f5c8ca354e769c908d02f6f4a63c02,38905379,0,0,0,1,0,1,38905380,0x67d23f004c92dae8e4f2e6b4e95013c1ab46c468915c8ebc4843de05b941c00a,0.000001457354731302,1
0x7150833e215313d463d9dc96f25d3204b14dd8d335a2b081c8c16929480929b3,38905439,1,1,1,0,1,1,38905439,0xdd9f3042f401efd4f0d5ff281812f83c23fbe0bc1e10e096ea12dc940cc97d24,0.00000145872346714,2
0x0ce95ece06920c7fa33c9012c85a6399a14205eb9f51a91b49e8980815d6e145,38905529,1,1,1,0,0,0,,,,1
0x43bf0bc61cb7e37fc607e341b919d27b6f5054b757c50a374b344b06f340d9b8,38905544,0,0,0,1,0,0,,,,1
0x49df6bf1f41b5911147fef14f06f5be9a875e4e60fb10b5256b54e61404eb8e3,38905589,0,0,0,1,0,1,38905590,0x0be3cfa8d9e155e63ec3f52a665e0212a79dbfd52cd61be5584e318a2fac3502,0.000001493482475876,1
0x6f35037723e673fec24d99f1553426de0df0ac52d6b8b50caec2cc4f465aaeb4,38905604,0,0,0,1,0,1,38905605,0x4f10c61fc0551d59b2b1792e6a118259a780866b139ee80c906a257b232feaca,0.000001496287287946,1
0x1a00c0fe1ad85d0bd4e90077961c61985b682fc5741a6ac688999c7a500daec9,38905724,1,1,1,0,1,0,,,,2
0x22700146c21febfb328d00780fd819693b99989ba9ab5fcc0c25c5da8503ee33,38905754,0,0,0,1,0,1,38905755,0x72e86f79f7465b0eff41b2fe0f8a754a058d9c80ba492250ca6129d21d335bd8,0.000001401616232574,1
0x8bef3c85e29937f2bc713bf8f3a8619a018544574db7660f12329fea4ccd3669,38905799,1,1,1,0,1,0,,,,2
0x65775961db42bd151d0410b2860c6a2dfb55379ed6eff91c41926f4aa93fa55e,38905814,1,1,1,0,1,0,,,,2
0xfccd71f6eff2eb64b0deaf2adc04ef897288a4e999692ad11ada6883c33e05e5,38905919,1,1,1,0,0,1,38905919,0x9032fac87ab0015fcac603675a0f4fab3e89e723a8761c53c214e35f662a3bfe,0.000001361529061117,1
0xf2c4589e8fe98bbb402a92ed7ae2708ff5acdef8d82914083e77bc2f64b67a7c,38906039,1,1,1,0,1,1,38906041,0x7cfa7f753a8e089a2002b9cc25310d14d28e3e1628cbe743381ecf95871c9482,0.000001343074668736,2
0x592b3bbdc66d3b3f47f99d768db75a215841407caae00e58b4d3299f2595b771,38906084,1,1,1,0,0,1,38906084,0xf9010c471a3e717baed87d5803aa784eab48d3d3b9110b23a892bd7b8f3f2a70,0.000001335930859106,1
0xe59800a113357585d21aaf9359689b1320aede7354bcc28284847abbb397c5e6,38906129,0,0,0,1,0,0,,,,1
0x62ec919a22c6f0e0f20f52fbb9c1b0d7f79f2faf3edcb5ba62858a14c784fc59,38906370,1,1,1,0,1,1,38906372,0x925aa964b2b97d28e402f315c7424a60c1018603813fb140a1af2efea6d103be,0.000001297279259743,2
0xe764a3fbc31cf8c6d566a7c6f3930b10f43fa2b2067586aa958ecad5e23357c0,38906385,1,1,1,0,0,1,38906385,0x811e48e86dedfe2ffb0b9a0ec609559b547e6339af8ba8f53935312f4b4c3ed5,0.000001329749969001,1
0xc2d8068507f9edb973e5abf68114cef79d20c9409c03d8c71e092b0b372e2c26,38906414,0,0,0,1,0,1,38906415,0x2eb03519572ff331d742f424ba863d1c797539f1c970f0f7e0b588d643248010,0.000001541470454418,1
0x63c723457b85724492be900dc56a600d039ef58f7410b9960f1b15249ee152ef,38906429,0,0,0,0,1,0,,,,1
0xd77ef1a65a025276bf934a23140ec4b09ce7a40846188bd96efbb9bda92529ad,38906444,1,1,1,0,1,0,,,,2
0xb977170cee58ac016d8539bc009cf8dc5f221c7fa93f401dc80f014a089e7fa1,38906489,1,1,1,0,1,1,38906491,0xde30217b4106674744ce72acb9df0e5e4b31f0e3fbd3c924988c6d22aa2b708a,0.000001663403986277,2
0xf6577a4b0b5c1db8beead1ab7ae96d6d4f41fafc42b09a7df069be7f6c9df9c7,38906549,0,0,0,0,1,1,38906551,0x6078c1e4df399a4716c6be92c0fb1fae1c33b11efef0056e220a76d8a797dc58,0.000001824655710532,1
0xb43397c97d6f193d374054fe7e2dd226a4bf1786d337975a8cbc46c4b58e9c09,38906580,0,0,0,1,0,1,38906581,0xc47792bdf24a968cd3dd11a570e447a1f30289a5ecbf60f9a8542364eeebd123,0.000001796634656095,1
0x3833616bd284401bb74d70554feb9e13603fb1850af3e8a3bcd2f6da64755f7c,38906699,1,1,1,0,0,0,,,,1
0x0fdc57157c431e87813409866c54536c026e42db4ce1cbcb293e2d84648e9f04,38906744,0,0,0,0,0,0,,,,0
0x98a8627c588a82f7c164384a00a24546db6d1093093a372d9a06692e28ebe226,38906820,1,1,1,0,1,1,38906820,0x64f5ed0b6dbeb90b1f582ce7ae2df0bd92b1d7d36cb06313762a5b3022954e88,0.000001748056468072,2
0xf9f33f2920062a78690d04d065c61f656b87935e226e863363beeb2d6e908a46,38906895,1,1,1,0,1,1,38906895,0xf47117a17e7a28281a97ce3c8f7f666d99a92a6d8f138f0e80800f4bd49e1bb2,0.00000169852691892,2
0xc5dd19f90909bcddbc1e0900252c846e3da34ccd05a4aae5ebe094339992de51,38906910,0,0,0,1,0,1,38906911,0xf46d401ddf6b0b13ceb82aca45d849566530084b9f0d5fc7b3a0b2085a83f3dc,0.000001721432177818,1
0x7d63121cf068637847dc54f89da10169a25e1663cecd8720dbf2f1618ef9189c,38906958,1,1,1,0,0,1,38906958,0xb0346227ade0dcadbee04254075935fc533ac9f797bf4567b5f4396e38f33237,0.000001887093097131,1
0xf1e907d138cfe9f5351e165267308a008940223106147d5ceb0af86607a56bd3,38906995,0,0,0,0,0,0,,,,0
0x49ded9f48c0322f64d9a9921049ed227efc9845341836e1e5bb1f92e9da2a8ab,38907030,0,0,0,1,0,1,38907031,0x0781df84df7598955c53d147b63e01526afe3b9fda15050d7e128e305d8e8490,0.000001586256030196,1
0x689862267e3ed18b90c134c18e919920065f66baa1d76c9658f9251b6fbe0087,38907060,1,1,1,0,1,1,38907060,0x898530459f4d02b3549001d45ca71737316291cb12188b9ebe24d885e8a5f27e,0.000001358460468384,2
0xb704e7a9842c48c8b7160dda5cc5f9b00af9be220af8d324e8a5cd5f8ba5a573,38907075,1,1,1,0,0,1,38907075,0x949425493921256a87eeab86228fa9579171a6d7e16a6cc9eb36b538e0b38940,0.000002771173605678,1
0x4a0da1b41a00744932fabeb0f261c5d3fb646473b7b432677eb1eb60c599d492,38907106,0,0,0,1,0,1,38907107,0xfc2bd474ce79d5437ddb860cb66e32d9916c6c1a8dad300e9661f264ffd09928,0.000002653251383109,1
0x3f53f640f76e51b9b96da66d0fe6737324f023178e99c34616602edbb1e72f63,38907150,1,1,1,0,1,1,38907150,0x7460a8b25e944b0f8582ed3c5396165a4ee88ffdf6d251186c46ef82c16c2f6e,0.000002709700579147,2
0xd357e5d71ea27c58e8bf2137a79c827c131626ef16134c58501a9ce310dde085,38907180,1,1,1,0,1,1,38907180,0xf5bf244f1a7a276552981aa0945270390463a3a80ecad3e95dcac768d84fe29f,0.000002826518234794,2
0xc52e2ae886848fb6bf0cd361612e9cc0fb90df820e28012867f6d0cc6a2eafa6,38907210,0,0,0,1,0,1,38907211,0x4705f898b2140ab0408f9ed3ade1f4533789577bbd354c4f0aad77efa8cc065b,0.000002924255954047,1
0x167eeacaf77dfb0f4f7685b6d9f4724983573910612989ec9ac440fcb49edd86,38907225,0,0,0,1,0,1,38907226,0x50c048be7292c1a89be93cd5795608a5a5740d77501bd0f3e2530036bcca3c03,0.000003110739306076,1
0x4b8132fcb14a6843fd6e8a8bd77be1ffa07fd78c444725282ebb6742ea1accd8,38907390,0,0,0,0,1,1,38907392,0x7ec273912eb009953bb02dfb5a873d70ff89e9a63521fd764273c5fd05c4f3c1,0.000001598369227288,1
0xbfc341e05c989c4c586e43918b30f7debdb6097ba9012c2709bd9e6ea183a1fa,38907450,0,0,0,1,0,1,38907451,0x34a5b5788621678a1246ecb3118b15fbdc7e9d75db69c14e36d8b31c086ca787,0.000001531978571797,1
0x60addb1dcc1b9661485be0f9d81d711644ac38c214f5c93d663efa5d187f8ad4,38907480,1,1,1,0,0,1,38907480,0x45d95b21a783bea1c300c7ccf0acbe694e06b9a19779427d20b436c02998e71a,0.000001490022432536,1
0x310c9b6fa8b3ce21d2e464684fa340f94b9d3aaa5a00efa400249348295f9480,38907510,0,0,0,1,0,1,38907511,0x729e7e121d2ff80a573749cbcd38c87884f514bdd6cdf03b2cfe320160d89213,0.000001461037078992,1
0x301c991623c3f4178c0a0ffac16b5ebe24d2e04530102cc0ead3f68c6284337c,38907585,0,0,0,1,0,1,38907586,0xd5db11cd606cfdf37d65c429bfe947a0a96d8faeca631d9127d4288a81758218,0.000002487861493643,1
0xf14590e25e99ec91f814b426df5895238c3baa8789b11b2ae88b0a7281f3a313,38907646,1,1,1,0,1,1,38907646,0x19a98105ce6652a254fe21f4815e0888cf1cad8ed6a31b79a4b8bc0c04dc4e8e,0.00000221192837604,2
0xfe499f3509b809390b36a9dd6cbe138910dadccf1d89fcec1f1311c60e197a84,38907675,1,1,1,0,0,1,38907675,0x99b6196160ab6b10578e2bb31202ea02944c9733976eca4e394e2aa58d0053c7,0.000001090906861565,1
0x95e8344622126a2821903a12e5282e74a4b75104cfe664c6b270e11e38d8f023,38907765,0,0,0,1,0,1,38907766,0x80b38a59a6c7fe4125e5d31a1516a7a3283953f3b72d961f477d90f8d3bdae79,9.86165141914e-7,1
0x8c17f5d45b90cad0082025cd0b773d1211c269513b58782bbfd40472ef616fa9,38907795,1,1,1,0,1,1,38907797,0xc2618fcec46cd79ebc22405da6b2705d98c1d71f08ef64402600d6e353f62750,0.000001849043825211,2
0x7821a1a4b3cc8e2e979121452cbf179adbe93a4618e6fb4ed6ae26e57edd3844,38907825,0,0,0,1,0,1,38907826,0x24f25df41cb488a8907610e0c2d2f4048f8d558faee5b4ad1f5853afbcf0d2bd,0.000001779806713346,1
0x037b42290b1a59e5c127ea1c9ec7a2e1721cb454490e76b88dfbf90408ce5081,38907930,1,1,1,0,0,0,,,,1
0x39cc5fa0ffd81742d7ec4513c2ee36e6c96457d8a6f0c40fd681fe83d29dd7d4,38907945,0,0,0,1,0,1,38907946,0xc22790bf451a9c5ec3883c8146b17dbbb8b2ce607f6140e75205d1f9d9592d58,0.000001680661797653,1
0x1e1c1d0c6eb6b12ff5e01530752395f80dd30f8dd6b78b456618d9ac4f926e77,38908021,1,1,1,0,0,1,38908021,0xf98b919952a302c86267aef15c6c6956288964344277176147ea2f9dc64fcd84,0.000001599511348482,1
0x8d030f1ef884ba10a8bb90b8370c1b24b8bbffaa71fef5e1374b1e4d9f34f073,38908065,0,0,0,0,1,0,,,,1
0x096080efcd2b293a12b83dbdbb293ae0bf8133e9626807df946e03868c161504,38908170,1,1,1,0,0,0,,,,1
0x8120faf9e49e199819030751d31b1319f14fdd8beee4408efc4da131eb79adae,38908245,0,0,0,1,0,1,38908246,0xcd000462846dd203023da02453950a1f3bacd281eee488751ceae1012732acde,0.000001516968101058,1
0xbe5042e5eca40612930d3b5ff6f5e57dc63951a2146da699088b37537bcea23a,38908306,0,0,0,1,0,0,,,,1
0xda600e6f996939f34970871266591cad81742f21a7cb9d2694f665816fd58227,38908396,0,0,0,1,0,0,,,,1
0xd7458349c92aecd8100d01c1f23b045c38b5d46002eb98899494325ef4532ab9,38908411,0,0,0,1,0,1,38908412,0x2a74648e994b446f77707d9b7605efb723520caf16851f56f70c1d148af22fcd,0.000001592578166369,1
0xdf33677f9123e76f1659ec751fc449213ed2e07f43a5f05f82e7f5782ddcdab3,38908486,0,0,0,1,0,0,,,,1
0x2bd659f73e75e2c20d34267e441ecfd51ac5af3efe15bde8289533423f042ec0,38908501,1,1,1,0,1,0,,,,2
0xececa58eb67f3f874719ae78a6104b9885b2ce8c7e466215541ddaaf792ae209,38908576,0,0,0,0,1,0,,,,1
0x903a400dc941236a650cd0a88472d310f6ffc868e480543a145688d3e9251601,38908696,1,1,1,0,0,0,,,,1
0x88e245dff44540132decf19dd2ddba9519afd12812777b9ae4dd6052dc523eb1,38908861,0,0,0,0,1,0,,,,1
0x432cdc336ac22650812175621f4e2e433b72932aa53ce2a84686ff49afa2331e,38908876,1,1,1,0,1,0,,,,2
0x3bf3051c264add11c9d3a587e74148eb84b3016fd6afa36a072d8002b074936d,38908891,0,0,0,1,0,1,38908892,0x8f67c4e0a465c653ca61684d5f9e7f74d190ffe9c0cd3d471796682b8e4b7f82,0.000001415456736968,1
0x81d683bb982162135028bd92727e6fa590c523b1b3183cb8d69bf163036d514c,38908921,1,1,1,0,0,0,,,,1
0x9e1a31067f44220b9db407737fdd38a482988fe55de6dee1581c5efcc888d920,38908981,1,1,1,0,1,1,38908983,0x345ecafaa61b25545beec94d2a4cf6cf62d9745119e08f1d6e55e4b5750e8592,0.000001556218240018,2
0x32131cd45947bf021db754432cad0d8b75eb65ab5471990d32bb02b68e6ae8ba,38909026,1,1,1,0,1,0,,,,2
0xc05e2ec598c55f1b6000293495967f3d3afff80d1b6f782a15899d9e28386fda,38909041,0,0,0,1,0,1,38909042,0xa507835cecc91a6e50f3eda79dbd5c6c47fd741abd170fcb8df4c8c1339c6a49,0.000001493611469713,1
0x89a3669541043315216b7e5f1edbacc9bd72fbf5591a08e1a577587ef26e209d,38909086,1,1,1,0,0,0,,,,1
0xa4b948dc9f6ec33c7887befe679fb0f94f2ade58ef2eb76afb65004bd253bfd7,38909116,1,1,1,0,1,1,38909118,0x647569d87f744b49a6d3abcedcdd0a39834f94a908ca4ec7747780fc1eefa6b6,0.000001434385170316,2
0xa083d14d8f83980a9cbc553a53325bdefc33ad6484ce8780d1bef8ce56497f2f,38909146,1,1,1,0,1,0,,,,2
0xbcb85577085bf7be741ebcc880e48525fbecbf94e075381f7452e626c0a6f5ff,38909192,0,0,0,0,1,1,38909194,0x9b2d2e4c86ac0560763d7ce4dd51d5fc852b8689be426c0f2d16c7fe1ff1e580,0.00000140183028837,1
0x6e1cfc27426ad6edf7354f5d3c586dcf915c239f7d3c69a2bbc1557f477dd948,38909221,1,1,1,0,1,1,38909223,0xf75b918673d87012208927dd0c0219e411386caeb359b99b415168fdb67fcf8a,0.00000139294339571,2
0x315a39988839643f59c97b75e8f0fbceffb2f33497189374eace179f14a63bd9,38909251,1,1,1,0,1,1,38909253,0x37808b570f1b9adc4f29b629f61cfe5468b0206f2b5e0245fd9597af218b4e28,0.000001389502002733,2
0x6c552a92782786b81d0adec155d26e77af30fa0a01b885508f218254360d918c,38909311,0,0,0,1,0,1,38909312,0xe587024b69662f02622cd82ddad476989427727c06cf757d5a7a892590316440,0.000001369418816357,1
0xbd15d23db3a6e3e29a6eeb2ce1159e68f6af69d0b638c44030199d6e86da150d,38909341,0,0,0,1,0,1,38909342,0xfa7a578c532c845fbd6834d2c737d8976bd0c181dc08afa4c2ad7caafbba844b,0.000001370704454087,1
0xd414c3711a727c6daf898e94ef3e6688f3647ba5a74aa68b5cce614f43275671,38909566,0,0,0,1,0,0,,,,1
0x096a8442cbe7e94932c4a17ec7d7d2cb020ebfd6486af7e4517da24ee33e9cbe,38909686,1,1,1,0,0,0,,,,1
0x62ed0d543dd8b8f1c21e0e950f4bbdbfed8674a1eda3aff070d8462672551125,38909747,0,0,0,0,1,0,,,,1
0x2f757a27028987c5de2952ea292546915554c6b52e2e6474ab9fef24c7bfad85,38909837,0,0,0,0,1,1,38909839,0x901b412a86e71feecedccd80fb67aa70a42709c8696dc29f0ae3704f419c8f6d,0.000001320885331747,1
0x885501147a3bf1a925810b3ecc165e6083a7155553b4d3f88de33c70e7b75d2d,38909852,1,1,1,0,0,1,38909852,0xbdf4b0a0b10e3ae2125a6f854bbd3ab21064a22b7ba999ac27fcec96096634dd,0.000001324825883888,1
0xf115b6068f8c60774f16d5962b1a2f124756f1de9c9810666a091d9c90d8a964,38909957,0,0,0,1,0,1,38909958,0xfa55aeb394d0ac6d242a53b6d842c732a2245bfc923dbd8f3726c80e00e3bf6b,0.000001332007688434,1
0x58c9719eed5e5b21eb9b63fe528870f9b13d186ed186db7abb8a8f7447418402,38909987,0,0,0,1,0,1,38909988,0x3c33669a3579f0050111c8bd32442e05e431ff950ac24421ea80c17f05f050d6,0.00000132483581677,1